name,category,neighborhood,address,phone,lat,lng,tier,product_tags,recognition,what_to_order,price_range,reservation,best_time,notes,verdict,caveat,best_night,hot_this_month,source_tier,maps,still_open,last_verified,geo_precision
TURK Fatih Tütak,Grande Table,"Bomonti, Şişli","Cumhuriyet Hacıahmet Mah., Silahşör Cad., Yeniyol Sok. No:2, 34440 Şişli, İstanbul",+90 530 051 83 04,,,berth_top,Anatolian|Fine dining,★★ MICHELIN · Green Star (2026 edition),Twelve-course micro-seasonal tasting menu|The five coastal towns plate|Chef's table,"₺₺₺₺ — twelve-course tasting only; the house publishes no price, and MICHELIN bands it at its top tier","Direct only — the restaurant manages its own bookings, by email (reservations@turkft.com) or phone. Tables capped at five people. No à la carte, no ingredient removals, and the kitchen states flatly it cannot do vegan, vegetarian or gluten-free menus.",Dinner — there is only one seating,,"The city's only two-star, and the most formally ambitious argument for Anatolian cooking as haute cuisine anywhere",★★ in the MICHELIN Guide Türkiye 2026,Wednesday,Took its Green Star in the 2026 edition,canon,https://www.google.com/maps/search/?api=1&query=TURK+Fatih+T%C3%BCtak+Istanbul,confirmed,2026-08-15,none
Mikla,Grande Table,Beyoğlu — roof of the Marmara Pera,"The Marmara Pera, Meşrutiyet Caddesi No:15, 18th floor, Tepebaşı, 34430 Beyoğlu, İstanbul",+90 212 293 56 56,41.031087,28.974017,berth_top,New Anatolian|Rooftop,★ MICHELIN,Smoked lamb loin|Fried hamsi|Mikla Tasting|Vegan tasting,"₺₺₺₺ — Mikla Tasting (six courses) ₺10,500; vegan tasting (seven courses) ₺9,600; three-course prix fixe ₺8,500. Wine pairings with the tasting ₺5,500 or ₺8,000; a three-glass à la carte pairing ₺3,200. VAT included, service extra (house menu read August 2026).","Online; confirmation comes by email. Cancel at least eight hours ahead, and arrive on time — the house cancels the table thirty minutes after your slot.",Sit down by 19:30 for the light; the kitchen stops taking food orders at 21:30,Chef Mehmet Gürs. The house that invented the phrase New Anatolian Kitchen and spent fifteen years proving it meant something.,The view is famous; the ingredient philosophy is why it lasted,★ in the MICHELIN Guide Türkiye 2026; top two floors of The Marmara Pera,Wednesday,,canon,https://www.google.com/maps/search/?api=1&query=Mikla+Istanbul,confirmed,2026-08-15,venue
Neolokal,Grande Table,Karaköy,"SALT Galata, Arap Camii Mah., Bankalar Caddesi No:11, Karaköy, 34420 Beyoğlu, İstanbul",+90 212 244 00 16,41.023782,28.973476,berth_top,Modern Turkish|Sustainability,★ MICHELIN,Three- or six-course tasting menu|Seared haddock|The house baklava|The Turkish wine pairing,"₺₺₺₺ — three- and six-course tasting menus. The house publishes no price; The World's 50 Best Discovery puts the average at about $143 a head, and MICHELIN bands it at its top tier.","Online through the house site, or by phone — landline +90 212 244 00 16, mobile +90 551 447 45 45. Vegetarian versions of the menus on request. Valet parking.","Dinner, early enough to get the light on the Golden Horn",Chef Maksut Aşkar. Traditional Turkish dishes taken apart and rebuilt.,"Traditional Turkish dishes taken apart and rebuilt, with a sustainability argument the guide has endorsed twice over — the Star, and a Green Star it has carried since 2022. This is the least showy of the city's starred kitchens and the most explicitly preservationist: the point is the recipe that was disappearing, not the technique on top of it. Expect a full evening and a full bill, and take the wine pairing seriously — it is the part the guide singled out.",Sources disagree on the exact entrance within the SALT Galata block — follow the venue's own directions on arrival rather than a map pin.,Wednesday,,canon,https://www.google.com/maps/search/?api=1&query=Neolokal+Istanbul,confirmed,2026-08-15,venue
Nicole,Grande Table,Beyoğlu,"Tomtom Suites, Firuzağa Mah., Boğazkesen Cad. No:18 / Tomtom Kaptan Sok., 34425 Beyoğlu, İstanbul",+90 212 292 44 67,41.03023,28.977828,berth_top,Fine dining,★ MICHELIN since 2022 · MICHELIN Service Award 2025,Tasting Menu No.1|Tasting Menu No.2|Kedi Batmaz|Catch of the day,"₺₺₺₺ — Menu No.1 ₺8,100 per head (wine pairing ₺4,700, beer ₺3,100); Menu No.2 ₺7,500 (wine ₺3,900, beer ₺2,250). VAT included; house menu last updated 28 July 2026.","Online booking. Vegetarian menus on request, but note the two house rules: everyone at the table takes a menu of the same length, and dishes are not altered — several contain onion, garlic and pepper.",Sit down before 20:30 if you want the longer Menu No.1,Chef Serkan Aksoy.,"The room for when you want the whole performance right, not only the plates",★ in the MICHELIN Guide Türkiye 2026,Wednesday,,canon,https://www.google.com/maps/search/?api=1&query=Nicole+Istanbul,confirmed,2026-08-15,venue
Araka,Grande Table,"Yeniköy, up the Bosphorus","Kapalı Bakkal Sokak No:8, Yeniköy, Sarıyer, 34464 İstanbul",+90 533 392 72 23,,,several,Fine dining|Bosphorus,★ MICHELIN,Seasonal vegetable-led menu,"₺₺₺ — tasting-led; the house publishes no price, and MICHELIN bands it as a special-occasion spend rather than its top tier","Online through the house booking system, or by phone. There is a garden terrace at the back as well as the interior.",Lunch — make the drive up the European shore part of the day,,Worth the drive north,"★ in the MICHELIN Guide Türkiye 2026 A limited run, not a permanent fixture — check the end date before you plan around it.",Wednesday,,canon,https://www.google.com/maps/search/?api=1&query=Araka+Istanbul,time_limited,2026-08-15,none
Arkestra,Grande Table,"Etiler, Beşiktaş","Etiler, Dilhayat Sokak No:28, Beşiktaş, 34337 İstanbul",+90 212 970 72 73,,,several,,★ MICHELIN,Tuna sashimi|Sea bass|The Listening Room|Ritmo,₺₺₺₺ — à la carte and a chef's-table menu; prices sit inside downloadable PDFs rather than on the page,Online at guest.rezervem.com.tr/Arkestra — live and linked from the house site — or by phone,"Dinner, then upstairs to the Listening Room for the last hour",,"The new guard's most confident room: French technique with global reach, a star awarded in the 2024 guide and held through 2026, and a building that lets you eat, drink and listen without leaving. It is a young kitchen still arguing its case rather than a settled institution — Gault&Millau Türkiye reads it noticeably lower than MICHELIN does. Etiler puts it a taxi ride from anywhere on the historic side, which is the real cost.",★ in the MICHELIN Guide Türkiye 2026,Wednesday,,canon,https://www.google.com/maps/search/?api=1&query=Arkestra+Istanbul,confirmed,2026-08-15,none
Sankai by Nagaya,Grande Table,"Bebek, Beşiktaş","Bebek Hotel, Cevdet Paşa Caddesi No:34, third floor, Bebek, 34342 Beşiktaş, İstanbul",+90 532 379 19 97,,,several,Japanese,★ MICHELIN,Seasonal kaiseki tasting|Edomae sushi counter,"₺₺₺₺ — two seasonal tasting menus, no à la carte; the house publishes no price, and MICHELIN bands it at its top tier",⚠ No working booking channel found on 15 August 2026. Phone is the only route we can stand behind.,"Early evening, while there is still light on the water","Japanese, and genuinely so.","Genuinely Japanese, not Japanese-adjacent: two seasonal tasting menus, twenty-four seats, and a sushi counter run by its own head sushi chef rather than by the executive chef's proxy. The Bosphorus at Bebek is the local ingredient. But treat everything about visiting as provisional — the operator has gone quiet online, and a MICHELIN listing published in December 2025 is not proof that a room is serving dinner tonight.",★ in the MICHELIN Guide Türkiye 2026 Not re-confirmed as trading when we checked on 2026-08-15 — call ahead before you cross the city for it.,Wednesday,,canon,https://www.google.com/maps/search/?api=1&query=Sankai+by+Nagaya+Istanbul,unverified,2026-08-15,none
Araf İstanbul,Petite Table,Kadıköy,"19 Mayıs Mah., Sümer Sok., Sümko Sitesi N Blok No:1, AG/E iç kapı No:2, Kadıköy, 34742 İstanbul",+90 533 969 27 23,40.908528,29.286561,berth_top,Open fire|Offal|Counter,★ MICHELIN 2026,Whatever comes off the fire|Large cuts,"₺₺₺ — à la carte, roughly ₺600–₺2,200 a plate (skirt steak ₺4,000 a kilo), plus 12% service; MICHELIN bands it as a moderate spend","Through the house site, which links a live booking system, or by phone (+90 533 969 27 23), email info@arafistanbul.com or Instagram. Not on OpenTable, Resy or SevenRooms.",The start of service — the counter is small and the window is only three hours,"Chefs Kenan Çetinkaya and Pınar Korgan Çetinkaya. Twelve seats, one open fire.","THE PICK. If you get in, you have had the defining meal of this decade in Istanbul",Twelve seats and one seating — any night is hard; midweek is the least impossible,Wednesday,Its star is eight months old and the room is the most wanted table in the city,canon,https://www.google.com/maps/search/?api=1&query=Araf+%C4%B0stanbul+Istanbul,confirmed,2026-08-15,venue
Çiya Sofrası,Petite Table,Kadıköy market,"Caferağa Mah., Güneşlibahçe Sok. No:43, Kadıköy, İstanbul",+90 216 418 51 15,40.989347,29.024429,berth_top,Anatolian|Regional|Daily menu,The World's 50 Best Discovery · Chef's Table,From the counter,₺ — The World's 50 Best Discovery puts the average at about $10 a head,Walk in. A lokanta of this kind does not take bookings and does not need to.,"Lunch, when the day's pots are fullest and before the market crowd","Founded 1998 by Musa Dağdeviren. Forgotten regional recipes collected village by village: Azeri, Georgian, Arab, Armenian, Assyrian, Ottoman and Jewish dishes in their own traditions.",Not a restaurant so much as a field-recording project with a kitchen,"trading 2026; Güneşlibahçe Sk. No: 43, Kadıköy",Tuesday,,canon,https://www.google.com/maps/search/?api=1&query=%C3%87iya+Sofras%C4%B1+Istanbul,confirmed,2026-08-15,venue
Yanyalı Fehmi Lokantası,Petite Table,Kadıköy,"Osmanağa Mah., Yağlıkçı İsmail Sok. No:1, Kadıköy, 34714 İstanbul",+90 216 336 33 33,40.990765,29.025509,berth_top,Lokanta|Since 1919,Bib Gourmand 2026,Yanya köftesi|The daily counter,"₺ — MICHELIN files it as ""on a budget""; point-and-pay lokanta pricing",Walk in.,Lunch — the counter is at its fullest and the good pots have not gone,"Founded 1919 by Fehmi Efendi, whose family migrated from Yanya (Ioannina) in Greece — 'Yanyalı' means 'from Yanya'. Third generation, still family-run. 140–150 different dishes a day.",The mirror image of the city's loss: the oldest surviving lokanta on the Asian side was founded by a family who came the OTHER way in the exchange,Bib Gourmand confirmed on the MICHELIN Guide's own listing,Tuesday,New Bib Gourmand in the 2026 selection,canon,https://www.google.com/maps/search/?api=1&query=Yanyal%C4%B1+Fehmi+Lokantas%C4%B1+Istanbul,confirmed,2026-08-15,venue
Agora Meyhanesi,Petite Table,Balat,"Balat, Mürselpaşa Cad. No:185, Fatih, 34087 İstanbul",+90 546 631 21 30,41.033349,28.946504,several,Meyhane|Since 1890,"Time Out Istanbul's entry calls it pre-Republic meyhane culture with 130 years behind it and credits chef Ahmet Arı with sixty mezes — but the page is dated 13 November 2020, so read it as a soft, ageing signal. No ranking body (MICHELIN, 50 Best, Gault&Millau) lists it.",Yaprak ciğer|Bademli kabak|Girit ezmesi|Balık pastırması|Tarama,₺₺₺ — mezes are individually cheap; the rakı is what makes the bill,Book through the house site (agora1890.com) or by phone. It runs at 150 to 200 covers and still fills at weekends.,A long dinner — a meyhane evening is not a two-hour thing,Trading since 1890.,The meyhane as it was before the neighbourhood changed hands,trading seven days a week; own site agora1890.com,Thursday,,canon,https://www.google.com/maps/search/?api=1&query=Agora+Meyhanesi+Istanbul,confirmed,2026-08-15,venue
Casius Antioch Kitchen,Petite Table,Cihangir,"Kılıçali Paşa Mah., Akarsu Yokuşu Sok. No:36/A, 34433 Beyoğlu, İstanbul",+90 547 200 31 31,41.030822,28.983173,several,Antakya|Regional,Bib Gourmand 2026,Antakya-style kebab|Belen tava|Ground zahter and olive oil|Crisp kabak with tahini and walnut,Bib Gourmand band — MICHELIN's marker for good cooking at moderate prices; no menu prices verified,Walk-in or phone +90 547 200 31 31,"Breakfast from 08:00 — the Cihangir habit, and the quietest the room gets","Antakya cooking in Istanbul, which after the 2023 earthquakes carries a weight it did not have before.","A Bib Gourmand in the MICHELIN Guide Türkiye 2026 — one of sixteen new ones in a category that grew to thirty-nine nationally — and the distinction is the right size for the room: careful regional cooking at moderate money, not a tasting-menu occasion. The house publishes 08:00 to 02:00 seven days, which makes it as much a Cihangir breakfast room as a dinner one, and the breakfast trade is a real part of the business. Go for the stone oven and the Hatay table habits, not for a chef's theatre.",Bib Gourmand confirmed on the MICHELIN Guide's own listing,Thursday,New Bib Gourmand in the 2026 selection,canon,https://www.google.com/maps/search/?api=1&query=Casius+Antioch+Kitchen+Istanbul,confirmed,2026-08-15,venue
Tam Ocakbaşı,Ocakbaşı,Arnavutköy,"Arnavutköy Mah., Bebek-Arnavutköy Cad., Beşiktaş, İstanbul — no house number is printed here because sources disagree. Use the map link.",+90 539 927 91 07,41.067658,29.043958,several,Ocakbaşı|Fire counter,,Liver first|Skewers|A lahmacun to close,Arnavutköy prices — above a neighbourhood ocakbaşı; no figures verified,Phone +90 539 927 91 07 — essential for Friday and Saturday,Late dinner,Chef Türev Uludağ.,"A chef's ocakbaşı rather than a neighbourhood one — deliberately smaller than the city's big fire counters, and priced for Arnavutköy. It cooks one region, Adana, and does it straight rather than surveying the southeast. It has grown fast enough to open a summer-season second room in Yalıkavak, Bodrum, which tells you the Istanbul house is working. Weekends are the loud version of it.",⚠ Friday and Saturday evenings are very hard to get into — book ahead,Tuesday or Wednesday,Part of the 2026 modern-ocakbaşı wave,reported,https://www.google.com/maps/search/?api=1&query=Tam+Ocakba%C5%9F%C4%B1+Istanbul,confirmed,2026-08-15,venue
Mesai,Ocakbaşı,Gümüşsuyu,"İnönü Cd. No:26, Gümüşsuyu, Beyoğlu, İstanbul",+90 850 304 31 95,40.881684,29.284741,several,Ocakbaşı|Fire counter,,Mesai Kebap|Ali Nazik|Atom|Trüflü biber boranı,Beyoğlu night-out band; no figures verified,Website only — the house states plainly that it does not accept reservations by phone,"Sunset, for the light on the old city","Ocakbaşı culture against a Bosphorus and Historic Peninsula view, running sunset into night.","A reopening, not a new house. Mesai was a Karaköy fixture, went dark, and came back on İnönü Caddesi in the last days of December 2025 under a glass ceiling, with the strait in front of it and Topkapı, Hagia Sophia and the Maiden's Tower in the frame. It is a night out with a fire counter in it — bar, lighting, a long table — rather than an ocakbaşı you sit at with a rakı and nothing else. Eight months in, it has not been through a full season.","⚠ Do not trust an inherited map pin. The coordinate this guide previously carried, 40.8817 / 29.2847, is in Pendik — some 25 km east, on the Asian side. No lat/lng is published here because none could be verified in OpenStreetMap or anywhere else; use the map search. Reservations are website-only and the house says so flatly: it does not take bookings by phone, so the number above is for everything except a table. No opening hours are published anywhere, including on its own site. And the newest independent coverage is January 2026 — everything since is the house's own site, which carries a 2026 copyright and a live booking flow.",Thursday,Part of the 2026 modern-ocakbaşı wave,reported,https://www.google.com/maps/search/?api=1&query=Mesai+Istanbul,confirmed,2026-08-15,venue
Çıra Ocakbaşı,Ocakbaşı,Sarıyer / Skyland,"Skyland, Huzur Mah., Azerbaycan Cad., D1 Blok No:4d, Sarıyer, İstanbul",,,,several,Ocakbaşı|Fire counter,,Charcoal skewers|Daily meze board|Charcoal-grilled vegetables,Not verified,No verified contact channel — nothing published by the operator beyond a company email,Dinner,,"⚠ Trading status unverified — treat this as a place to ring, not a place to go. On its operator's own description it is a modern ocakbaşı in natural stone and wood: an open fire counter, a meze board that changes daily, vegetables charred on the same coals as the meat. It reads as built for the offices in the towers above it rather than for anyone crossing the city, and no ranking or serious press has been near it.","⚠ Still trading could not be confirmed. The only live evidence is the operator's own brand-portfolio page, which is a company listing rather than proof of a working door; a delivery platform showed it closed when checked on 15 August 2026. No phone is printed here: the number circulating on aggregator listings does not appear anywhere the operator publishes, and a wrong number is worse than none. No hours are published by anyone credible, and no coordinate could be verified — Skyland's towers are mapped, the unit inside them is not. It is also nowhere near the Boğaziçi: the complex sits well inland by Seyrantepe metro. Not re-confirmed as trading when we checked on 2026-08-15 — call ahead before you cross the city for it.",Weeknight,Part of the 2026 modern-ocakbaşı wave,reported,https://www.google.com/maps/search/?api=1&query=%C3%87%C4%B1ra+Ocakba%C5%9F%C4%B1+Istanbul,unverified,2026-08-15,none
Arogan,Opening,Tarabya,"Tarabya Bayırı Caddesi, Şehit Öğretmen Şenay Aybüke Yalçın Sok. 6/3 (the Migros building), 34457 Sarıyer, İstanbul",+90 543 127 27 27,,,several,Modern|Local ingredients,,Oğlak lahmacun|Trüflü kereviz çorbası|Ördek ciğeri pate|Ördek cacio e pepe|Trüflü taş kadayıf|Deniz tuzu karamelli flan,Not published and not verified — ask when you book,Recommended; +90 543 127 27 27 or mektup@arogan.com.tr,From 19:00,Chef Burak Zafer. Opened 30 January 2026.,"Six months old and still finding its crowd, which is why to go now. Anatolian material pushed through modern technique — kid-goat lahmacun, duck-liver pâté, duck cacio e pepe, truffled celery soup — plated tight and priced as a chef restaurant rather than a Bosphorus fish house. It is a long way up the European shore from Beyoğlu, so the drive has to be worth it to you. Confirmed still cooking on 17 July 2026, when the kitchen ran a public event on site.",⚠ CLOSED SUNDAYS AND MONDAYS,"Tuesday to Thursday — quieter, and the kitchen has room to think","2026 wave — local ingredients, modern technique, classics pushed off-centre",reported,https://www.google.com/maps/search/?api=1&query=Arogan+Istanbul,confirmed,2026-08-15,none
Kontuar,Opening,Pera / Asmalımescit,"Asmalı Mescit, Meşrutiyet Cad. No:67A, 34430 Beyoğlu, İstanbul (Passage de Petits Champs)",+90 533 636 62 73,,,several,Fire-focused|Modern,,Glaze dana dil|Körpe havuç|Tuzlu uskumru|Kuzu,"Not published — à la carte, whole cuts of meat and fish",Essential; +90 533 636 62 73,"First sitting, 18:00–19:00, if you want to watch the fire work","Chef Mustafa Otar. Opened January 2026 as a chef's-table counter built on 'fire, emotion and roots'.","An open fire at the centre of the room, inside the Passage de Petits Champs at Meşrutiyet 67A, one of the 19th-century arcades linking Tepebaşı to İstiklal. Whole cuts over flame, sauces that do not shout, sourcing stated plainly. Erke's line is the right one: there is no show here, only craftsmanship. Dinner only, and you should book.","⚠ Hours conflict. A May 2026 review gives Monday–Saturday, kitchen 18:00–23:30 with the bar to 01:00, closed Sunday; a competing claim has it Tuesday–Saturday to 22:30. The venue's own site publishes no hours. Book on +90 533 636 62 73 — that is the number on the restaurant's own site; one listing prints ...62 74, so use the site number. Prices are not published. No verified coordinate: aim for No:67A inside the passage.","Tuesday or Wednesday, when the fire is not fighting a full room",The most recent of the significant openings,reported,https://www.google.com/maps/search/?api=1&query=Kontuar+Istanbul,confirmed,2026-08-15,none
Hodan,Opening,Beyoğlu (listed by some sources as Nişantaşı),"Harbiye, Mim Kemal Öke Cad., Nişantaşı, Şişli, İstanbul (one listing gives No:19 — unconfirmed)",+90 533 304 76 34,,,several,Modern Anatolian,"Gault&Millau Türkiye — one toque, 12,5/20 — plus the 2025 award for Istanbul's best brunch venue. Note the guide's own entry still prints the old Beyoğlu address.","Asma yapraklı balık, taş fırından|Dry-aged et|Crispy artichoke|Tiramisu",Not published,Advisable at weekends; +90 533 304 76 34,Late morning at the weekend,"One of Beyoğlu's most talked-about new chef restaurants, and already a brunch fixture. Sunday jazz brunch.","What it is really for is the weekend table, not a tasting menu. Gault&Millau Türkiye gives it one toque at 12,5/20 and named it Istanbul's best brunch venue on the 2025 list, and a breakfast service is due to start in September 2026. The move is the practical headline: most listings, the guide's own included, have not caught up.",⚠ Neighbourhood disputed across sources (Beyoğlu vs Nişantaşı) — confirm before travelling,Saturday or Sunday daytime — the brunch is the thing that won the award,2026 wave,canon,https://www.google.com/maps/search/?api=1&query=Hodan+Istanbul,confirmed,2026-08-15,none
Todos Los Días,Opening,Beyoğlu / Asmalımescit,"Asmalı Mescit Mah., Meşrutiyet Cad. No:67/B, Beyoğlu, İstanbul",+90 533 636 62 30,,,several,Comfort food,,Schnitzel with potato salad|Jasmine rice goulash|Vegetable salads,Not published,+90 533 636 62 30,"Breakfast, or the mid-afternoon lull","Esen Hünal, Maksut Aşkar and Erim Leblebicioğlu.","Aşkar cooking comfort food is an odd proposition and it works better than it reads: schnitzel with potato salad, vegetable salads, a jasmine-rice goulash, running from breakfast through to late. Akgün wrote it up in Hürriyet in July 2026 and said the quiet part out loud — she hopes it becomes a classic of its kind and lasts, which is not what you write about a room you expect to survive on its own. Come for breakfast or mid-afternoon, when it is not fighting for tables.","⚠ Hours unconfirmed, and a widely repeated 'closed Sunday' line is doubtful: the restaurant's own site publishes a Domingos brunch menu — Sunday — which is hard to square with shutting that day. No source that publishes verified hours could be found. Ring +90 533 636 62 30 (that is the number on the venue's own site; note Kontuar Pera next door at 67A is +90 533 636 62 73, one digit block apart, so read it twice). Prices are not published. No verified coordinate.",Any weekday; the room fills Friday and Saturday evening,Notable because Aşkar of Neolokal is behind it,reported,https://www.google.com/maps/search/?api=1&query=Todos+Los+D%C3%ADas+Istanbul,confirmed,2026-08-15,none
Indochine İstanbul,Opening,Bebek,"Bebeköy Sokak, Bebek, Beşiktaş, İstanbul (no verified street number)",+90 212 916 36 36,,,several,Vietnamese,,Shaking beef|Turmeric dill fish|Zabb prawn|Crispy whole chicken wings|Egg fried rice,Not published,Required when trading — +90 212 916 36 36; choose the 19:00 or the 21:00 seating,The 21:00 seating for the DJ and the bar; 19:00 if you want to hear each other,Chef Mahmut Can Kızılbay.,"⚠ Read the status before the sell. Every source describing this room dates from October 2025 or earlier; nothing published in 2026 confirms it is still trading, and it is absent from a July 2026 round-up of Bebek's best addresses. On the evidence that exists it is a small dining room and a garden, two seatings a night, a DJ and a serious cocktail list — a scene restaurant that happens to cook Vietnamese properly. Treat that as a description of the opening, not of today. Call before you go.","⚠ NOT CONFIRMED AS TRADING. The freshest source on this room is dated 6 October 2025; nothing since. ⚠ Two Indochines, and only one is this one: an unrelated Indochine off Kumbaracı Yokuşu in Tomtom closed and became Cochine years ago, and search engines and Time Out still surface that page first. No source publishes a street number on Bebeköy Sokak — a No:5 and a 7/1 both circulate and neither is confirmed, so the address here stops at the street. No verified coordinate. Hours below are from October 2025 and may be stale. Not re-confirmed as trading when we checked on 2026-08-15 — call ahead before you cross the city for it.",Thursday to Saturday for the room's own noise; Sunday's earlier start is the quiet option,2026 wave,reported,https://www.google.com/maps/search/?api=1&query=Indochine+%C4%B0stanbul+Istanbul,unverified,2026-08-15,none
Basta! Neo Bistro,Opening,"Caddebostan, Kadıköy","Caddebostan, Operatör Cemil Topuzlu Cad. No:39, 34728 Kadıköy, İstanbul",+90 216 755 77 50,,,several,Neo-bistro,In the 2026 MICHELIN selection,Söğüş dana beyin,Not published and not verified,Advisable; +90 216 755 77 50,Early — the kitchen is reported to stop at 22:00,"Kaan Sakarya and Derin Arıbaş, both trained in Michelin kitchens in France.","⚠ It is not a starred restaurant. It sits in the MICHELIN Guide Türkiye 2026 selection as a recommended address — no star, no Bib Gourmand — with a Gault&Millau Türkiye toque at 12,5/20 alongside. That is still worth crossing the water for: a small room on the Asian side where the Bağdat Caddesi food crowd actually eats, with a card that turns with the season and French technique put behind Turkish offal.",in the MICHELIN Guide Türkiye 2026 selection,Tuesday to Thursday; weekends fill,Newly in the 2026 selection,canon,https://www.google.com/maps/search/?api=1&query=Basta%21+Neo+Bistro+Istanbul,confirmed,2026-08-15,none
Lina Anatolian,Opening,Karaköy,"The Maestro Hotel, Meclis-i Mebusan Cad., terrace floor, Beyoğlu, İstanbul (no verified street number)",+90 543 508 03 40,,,several,Modern Anatolian|Bosphorus view,,Kalkan tandır|Tuzda balık|Vişneli yaprak sarma|Kesme mantı|Hamsiköy sütlacı|Izgara ahtapot,"Cold and shared plates 550–1,850 TL; hot starters 700–2,500 TL; mains 2,200–3,500 TL; kalkan tandır 6,500 TL; tuzda balık 7,800 TL; desserts 720–950 TL (June 2026)",+90 543 508 03 40 or reservation@linaanatolian.com,Arrive before sunset for the light on the water,"Regional Anatolian flavours through contemporary technique, over the Bosphorus — a refined interpretation rather than a recreation.","Honest about what it is: a terrace with a Bosphorus view where an experienced hotel chef cooks Anatolian dishes carefully rather than cleverly. The prices are published and steep — cold and shared plates 550–1,850 TL, hot starters 700–2,500 TL, mains 2,200–3,500 TL, kalkan tandır 6,500 TL and tuzda balık 7,800 TL, as reviewed in June 2026. It opened in 2026, so the room is still settling.","⚠ Sold as Karaköy, but the address is the Meclis-i Mebusan shore road, a walk east of Karaköy square — check the map before you set off. No source publishes a street number for The Maestro Hotel, so the address here stops at the street. Hours are not published anywhere; reserve on +90 543 508 03 40 or reservation@linaanatolian.com and ask. Signature fish runs 6,500–7,800 TL, so this is a planned evening, not a drop-in. No verified coordinate.",Any clear evening — the terrace is the point,The most watched of the summer's openings,reported,https://www.google.com/maps/search/?api=1&query=Lina+Anatolian+Istanbul,confirmed,2026-08-15,none
Lokanta Stambouli,Opening,Pera (Minoa Pera),"Asmalı Mescit Mah., Meşrutiyet Cad. No:99, Beyoğlu, İstanbul",+90 539 693 12 78,,,berth_top,Meyhane|Turkish and Rum tradition,,Lakerda|Tarama|Zeytinyağlı lahana dolması|Tarçınlı fasulye pilaki,,Do not assume it is taking bookings — status unconfirmed,None — watch @lokantastambouli,Opened by Perviz Resuli on the first floor of the historic Union Française building at Minoa Pera. Capacity 70. Explicitly marries the old Istanbul meyhane to Greek cooking.,"The most interesting new room in the city — a Rum meyhane revival opening in 2026 is a loaded act, and it is the living answer to this guide's history section","⚠ REPORTED CLOSED AND RELOCATING, UNCONFIRMED. The only source for the closure is the restaurant's own Instagram; the only sources for it still trading are listings that lag. Neither could be independently corroborated in this pass, so treat both as unproven and ring ahead or check @lokantastambouli. The last confirmed address is the Minoa Pera building at Meşrutiyet Cad. No:99 — it may no longer be there. No phone number could be verified. Coordinate deliberately blank. Not re-confirmed as trading when we checked on 2026-08-15 — call ahead before you cross the city for it.",None — check before planning,"Just opened, working explicitly in the Turkish AND Rum meyhane tradition",reported,https://www.google.com/maps/search/?api=1&query=Lokanta+Stambouli+Istanbul,unverified,2026-08-15,none
Seoul Kitchen,Opening,"Bomontiada, Şişli","Yapı Kredi bomontiada, Tarihi Bomonti Bira Fabrikası, Merkez Mah., Silahşör Cad., Birahane Sok. No:1, Şişli, İstanbul",,,,several,Korean|Pop-up,,Korean fried chicken|Tteokbokki|Jajangmyeon|Kimbap,Not published and not verified,Reported to take none — walk in,Early evening,Jimmy & Jin.,"⚠ Read the status first. Nothing published in 2026 could be found to confirm it is still there — the one 2026 write-up cited for it no longer resolves, and the group's own brand page could not be reached. On the October 2025 evidence it is Korean fried chicken, tteokbokki, jajangmyeon and kimbap, built for sharing, inside Bomonti's converted brewery. Worth an hour if it is trading. Check before you make a trip of it.","POP-UP — will not last · pop-up — no stated end date, will not last Not re-confirmed as trading when we checked on 2026-08-15 — call ahead before you cross the city for it.","Any, if it is trading",Catch it now or not at all,reported,https://www.google.com/maps/search/?api=1&query=Seoul+Kitchen+Istanbul,unverified,2026-08-15,none
Østre,Opening,Cihangir,"Firuzağa Mah., Bostanbaşı Cad. No:4/B, 34425 Beyoğlu, İstanbul",+90 539 851 29 21,,,several,Oysters|Raw bar,,Taze istiridye|Trüflü deniz taraması|Karides carpaccio,"Not published — oysters and caviar, so budget accordingly","Phone +90 539 851 29 21, per the single listing that carries it. No online booking found.",Evening,A small seafood bar built on oysters and raw fish.,"A raw bar that exists in Turkish city-guide listings and, as far as we can establish, nowhere else. The listings are specific — street number, phone, opening hours, two named dishes — but they trace back to a single publisher, and our own independent searches returned the same material recycled and nothing new. It appears in neither Vogue Türkiye's nor Gazete Oksijen's new-openings round-ups. We could not confirm from a second, independent source that it was trading on 15 August 2026.",Limited seating — reservations needed for evening service Not re-confirmed as trading when we checked on 2026-08-15 — call ahead before you cross the city for it.,,2026 wave,reported,https://www.google.com/maps/search/?api=1&query=%C3%98stre+Istanbul,unverified,2026-08-15,none
Rüya İstanbul,Opening,"Çırağan Palace Kempinski, Beşiktaş","Çırağan Palace Kempinski, Çırağan Cad. No:32, 34349 Beşiktaş, İstanbul",+90 212 326 46 20,41.03627,29.093512,several,Modern Anatolian|Grand hotel,,Leaf-cut döner|Simit & Caviar|Rüya-style mantı|24-hour braised beef rib with mushroom keşkek|Whole grilled lobster with erişte,"Sunday brunch 6,500 TL per person with soft drinks; 7,700 TL with wine, beer and cocktails, VAT included (2026)",Book through the hotel's CheckandPlace listing or +90 212 326 46 20. Sunday brunch goes first.,Sunday 12:30–16:00,Sharing plates in the Çırağan Palace Kempinski. It revived the long-missed Sunday brunch tradition.,"Eight months old, and honest about what it is: an international sharing-plates brand parked in the best-sited hotel on the Bosphorus. The draw is the Sunday brunch, which revives the Çırağan tradition — open buffet, live chef stations, a separate dessert room, 12:30 to 16:00 — at 6,500 TL a head with soft drinks or 7,700 TL with wine, beer and cocktails, VAT included. It carries no MICHELIN mark, and it opened only days before the Türkiye 2026 selection was announced on 4 December 2025, far too late to have been assessed. Read the absence as timing rather than judgement, for now.","TWO CORRECTIONS. This guide previously pinned it at 41.03627 / 29.093512 — roughly 7 km away, on the Asian shore near Kandilli. And it carried an April 2026 opening, which was in fact the publication date of a design-press write-up: Turkish coverage had the room open by 2 December 2025 and Kempinski announced the opening itself that month. No coordinate is given here now, because the only figure we could source is Wikipedia's arcminute-rounded point for the palace, which is not a street-level geocode and this guide pins only those. The address and phone are verified against the hotel. No chef is named by the hotel or in any release between December 2025 and June 2026. Closed Mondays except for breakfast, and brunch at 6,500–7,700 TL is a special-occasion outlay that books out first; under-5s eat free, 6 to 11 at half price.","Sunday, for the brunch",2026 wave,reported,https://www.google.com/maps/search/?api=1&query=R%C3%BCya+%C4%B0stanbul+Istanbul,confirmed,2026-08-15,venue
Burger and Lobster,Opening,The Ritz-Carlton Istanbul,,,,,several,Pop-up,,Whole lobster|The burger|Lobster roll,"Unpublished for Istanbul. The 1,200 TL lobster-burger figure in Turkish headlines is not an operator price.",,,,"CORRECTION — this entry was wrong on both its location and its dates. It was listed here as a pop-up inside The Ritz-Carlton Istanbul running to the end of August 2026. The Ritz-Carlton's own dining page lists six outlets — Nobu Istanbul, Nobu Istanbul Bar, The Roof, Atölye, Bleu Lounge and Limoré — and Burger & Lobster is not among them. What is real is a permanent restaurant at Zorlu Center in Beşiktaş, in the unit that was Zanzibar, reported across the Turkish press from June 2026 as preparing to open. As of 15 August 2026 it had not opened. Do not send anyone.",RUNS ONLY TO THE END OF AUGUST 2026 · stated to run only to the end of August 2026 Not re-confirmed as trading when we checked on 2026-08-15 — call ahead before you cross the city for it.,,Last weeks — closes end of August,reported,https://www.google.com/maps/search/?api=1&query=Burger+and+Lobster+Istanbul,unverified,2026-08-15,none
Vefa Bozacısı,Institution,Vefa,"Molla Hüsrev Mah., Vefa Cad. No:66, 34134 Fatih, İstanbul",+90 212 519 49 22,41.015324,28.958419,several,Boza|Since 1876,,Boza with cinnamon and roasted chickpeas,Cheap — a glass costs a fraction of a coffee; no price is published,None — walk up to the counter,A winter evening,Selling boza since 1876.,"The point of going is the room, unchanged",own site vefa.com.tr active,,,reported,https://www.google.com/maps/search/?api=1&query=Vefa+Bozac%C4%B1s%C4%B1+Istanbul,confirmed,2026-08-15,venue
WAYANA Wine Bar & Tapas,Natural wine,Kadıköy,"Ferit Tek Sok. 60/B, Moda, Kadıköy, İstanbul",+90 216 550 22 07,40.980199,29.023997,berth_top,Natural wine|Turkish indigenous grapes,,A flight of rare native grapes,NATURAL,,16:00–00:00,500+ labels served entirely by the glass. As of July 2026: 143 Turkish wineries and 90 endemic grape varieties. Own site wayanatapas.com.,Go here first; it will reorganise what you think Turkish wine is,Listed on Star Wine List; own site live,Tue,,reported,https://www.google.com/maps/search/?api=1&query=WAYANA+Wine+Bar+%26+Tapas+Istanbul,confirmed,2026-08-11,venue
Bağ Pera,Natural wine,Asmalımescit,,,41.027517,28.974427,several,Wine bar|Tapas,,,85 GROWERS,,Lunch Mon–Sat 12:00–14:45 · dinner daily 17:30–00:00,"Excellent small Turkish producers, plus tastings and workshops.",,Not re-confirmed as trading when we checked on 2026-08-15 — call ahead.,Thu,Opened in the current wave,reported,https://www.google.com/maps/search/?api=1&query=Ba%C4%9F+Pera+Istanbul,unverified,2026-08-11,venue
Montag,,Istanbul,"Caferağa, Muvakkıthane Cd. No:16/A Kat:1, 34710 Kadıköy, İstanbul",,40.98478,29.025796,several,Specialty coffee|Roaster,,,,,,Roasting its own since 2016; the pioneer most of the scene credits.,,Hours current on multiple 2026 listings,,,reported,https://www.google.com/maps/search/?api=1&query=Montag+Istanbul,confirmed,2026-08-11,venue
Federal Galata,Coffee,Galata — near the Kamondo stairs,,,41.026294,28.973672,several,Specialty coffee,,,2016 · Şahkulu,,Morning,"Est. 2016, up the hill from the Kamondo stairs. Australian-café register and a proper flat white.",,Not re-confirmed as trading when we checked on 2026-08-15 — call ahead.,,,reported,https://www.google.com/maps/search/?api=1&query=Federal+Galata+Istanbul,unverified,2026-08-11,venue
Coffee Manifesto,,"Yeldeğirmeni, Kadıköy",,,40.989201,29.02417,several,Specialty coffee,,,,,,Run with world-ranked barista Koray Erdoğdu.,,Not re-confirmed as trading when we checked on 2026-08-15 — call ahead.,,,reported,https://www.google.com/maps/search/?api=1&query=Coffee+Manifesto+Istanbul,unverified,2026-08-11,venue
Arkaoda,Listening,Kadıköy,"Kadife Sok. No:18 D:1, Caferağa, Kadıköy, İstanbul",,40.98659,29.026539,berth_top,Listening bar|Turkish psych|Garden,,,SINCE 1999,,Mon–Sun 12:00–02:00,"Anchor since 1999. Selectors move between Turkish psych, jazz and electronic. Functionally a collective as much as a bar.",,open Mon–Sun 12:00–02:00 per a July 2026 listing; Kadife Sok. No:18 D:1,Tue,,reported,https://www.google.com/maps/search/?api=1&query=Arkaoda+Istanbul,confirmed,2026-08-11,venue
Karga,Listening,Kadıköy,,,40.986644,29.026584,several,Vinyl sessions,,,SINCE 1996,,,Vinyl-led sessions in the upstairs rooms.,,⚠ the venue's own Facebook page shows 'Closing Soon' — CHECK BEFORE SENDING ANYONE,Tue,,reported,https://www.google.com/maps/search/?api=1&query=Karga+Istanbul,closing_soon,2026-08-11,venue
June,Listening,Teşvikiye,"Teşvikiye, Ahmet Fetgeri Sok. No:31, Şişli, İstanbul",,41.16961,28.990789,several,Listening bar,,,NEW THIS YEAR,,,"A neighbourhood bar that is also a listening bar — vinyl through good equipment, dancing later.",,Not re-confirmed as trading when we checked on 2026-08-15 — call ahead.,Tue,New in the current wave,reported,https://www.google.com/maps/search/?api=1&query=June+Istanbul,unverified,2026-08-11,venue
Şahika,Club,Beyoğlu,,,41.0348,28.977639,several,Techno|Jungle|Footwork|Queer-friendly|Rooftop,,,QUEER-FRIENDLY,,Late,Multi-level with a rooftop terrace; the experimental end of the programming.,,"Active club listing on Resident Advisor; roof bar hosting music, exhibitions, talks",Fri,,reported,https://www.google.com/maps/search/?api=1&query=%C5%9Eahika+Istanbul,confirmed,2026-08-11,venue
Ritim Istanbul,Club,Kadıköy,,,40.921866,29.158616,several,Reggaeton|Pop|Hip-hop|Electronic,,,CLUB,,,"Multi-floor, broader and more international.",,Not re-confirmed as trading when we checked on 2026-08-15 — call ahead.,Sat,,reported,https://www.google.com/maps/search/?api=1&query=Ritim+Istanbul+Istanbul,unverified,2026-08-15,venue
Kuzguncuk,Walk,Asian shore,,,41.03216,29.036026,berth_top,Wooden houses|Mosque + synagogue + church,,,late afternoon · İcadiye Cad.,,Late afternoon,,"The single loveliest street in Istanbul, and the physical proof of the city this guide describes","A neighbourhood, not a venue",Sun,,reported,https://www.google.com/maps/search/?api=1&query=Kuzguncuk+Istanbul,unverified,2026-08-11,venue
Arnavutköy to Bebek,Walk,European shore,,,41.077183,29.043259,several,Yalı|3 km waterside walk,,,~1.5 km each way · late afternoon,,Late afternoon,,The best hour on the European shore,"A walking route, not a venue",,,reported,https://www.google.com/maps/search/?api=1&query=Arnavutk%C3%B6y+to+Bebek+Istanbul,unverified,2026-08-11,venue
"Büyükada, Princes' Islands",,Sea of Marmara,,,40.856355,29.119037,berth_top,No cars|Wooden houses|Monastery of St George,,,,,,"About 5 × 1 km. Roughly 90 minutes by ferry from the European piers, 45 from the Asian side.",,"An island, not a venue",,,reported,https://www.google.com/maps/search/?api=1&query=B%C3%BCy%C3%BCkada%2C+Princes%27+Islands+Istanbul,unverified,2026-08-11,venue
Kadıköy,Walk,Asian side,,,40.991295,29.024563,berth_top,Market streets|Barlar Sokağı|Moda|Yeldeğirmeni,,,Sat market · Kadife Sokak,,"Market by day, bars by night",,The centre of gravity of everything good happening in Istanbul now,"A district, not a venue",Sat,,reported,https://www.google.com/maps/search/?api=1&query=Kad%C4%B1k%C3%B6y+Istanbul,unverified,2026-08-11,venue
Nardis Jazz Club,Jazz,Galata — at the foot of the tower,"Kuledibi Sok., Galata, Beyoğlu, İstanbul",,41.025442,28.974186,berth_top,Jazz|Live nearly every night|120 seats,,,JAZZ,Recommended,Weekdays 21:30–00:30 · weekends 22:30–01:30,"Roughly 120 seats at the foot of the Galata Tower, live jazz from local and international acts practically every night. Programming already listed into 2026–27.","THE jazz room in Istanbul, and the reason Wednesday is on the week grid",,Wed,,reported,https://www.google.com/maps/search/?api=1&query=Nardis+Jazz+Club+Istanbul,confirmed,2026-08-11,venue
Namlı Gurme,provisioning,"Karaköy, Beyoğlu — two minutes off the waterfront","Kemankeş Mahallesi, Mumhane Caddesi, Atilla İş Hanı No: 6/A, Karaköy, Beyoğlu",,,,several,Provisioning,,,DELI,,,"This is the single most efficient provisioning stop on the European side, and its own shop publishes the numbers, VAT included: çemeni sıyrılmış pastırma, the fenugreek crust scraped back, ₺5,400/kg; an 850 g kangal sucuk made from 100% beef in the house's own workshop, ₺1,836; Gelibolu eski kaşar ₺1,690/kg and Kars Göle eski kaşar ₺1,080/kg; Erzincan tulum ₺1,180/kg, Van otlu peynir ₺1,490/kg, Ezine beyaz peynir ₺598 a block, Balıkesir buffalo butter ₺576 for 450 g. On the dry side: kuru sele olives ₺780/kg, Ayvalık kırma yeşil ₺590/kg, a litre of Makaron olive oil ₺1,080, 330 g of tahin ₺240, Elazığ mulberry pekmez ₺350 and nar ekşisi ₺350 for 350 ml. Honey is the outlier — Hakkari karakovan comb honey ₺4,200 — and these are the online-store figures checked in August 2026, so the counter can differ. The hours are the real advantage: Monday to Sunday, 07:00 to 22:00.",,,,,reported,https://www.google.com/maps/search/?api=1&query=Naml%C4%B1%20Gurme%20Istanbul,confirmed,2026-08-15,none
Kurukahveci Mehmet Efendi,provisioning,"Eminönü, Fatih — at the corner of the Spice Bazaar","Tahmis Sokağı 66, Eminönü 34116, İstanbul (branch: Söğütlüçeşme Caddesi 12, Kadıköy 34714)",,,,several,Provisioning,,,COFFEE,,,"The house is in its 155th year — its own site runs the anniversary as ""155. YIL"" and its official channel carries the founding date in the handle — and it is still at Tahmis Sokağı 66, in the purpose-built block the company credits to the architect Zühtü Başar. There are only three shops in the whole city, all confirmed on the company's own contact pages: the Eminönü merkez, a Sirkeci branch, and Kadıköy at Osmanağa Mahallesi, Söğütlüçeşme Caddesi 12 — anything sold as Mehmet Efendi anywhere else is retail packaging, not the counter grind. The queue is long, moves fast, and almost everyone in it buys the same thing: Türk kahvesi ground to order and handed over still warm. The company does not publish shop hours on its own site, which is worth knowing before you cross the Golden Horn for it.",,,,,reported,https://www.google.com/maps/search/?api=1&query=Kurukahveci%20Mehmet%20Efendi%20Istanbul,confirmed,2026-08-15,none
Karaköy Güllüoğlu,street-food,"Karaköy, Beyoğlu","Kemankeş Karamustafa Paşa Mah., Kemankeş Cad. No:67, 34425 Karaköy — Beyoğlu",,,,several,Provisioning,,,BAKLAVA,,,"The dynasty's origin is documented outside the family's own marketing: baklava was introduced to Gaziantep in 1871 by Çelebi Güllü, who had learned the recipe from a Syrian chef in Damascus. The city's version was registered as a Turkish geographical indication in 2008 and became Antep Baklavası, a Protected Geographical Indication under the European Commission, in 2013 — the first Turkish product to receive one. This house dates itself to 1843 and puts Nadir Güllü at the counter as ""the fifth generation representative of a family that has been making baklava since 1843,"" trained by his father and master Hacı Mustafa Güllü. The decisive fact is the smallest one: their contact page lists a single shop, Kemankeş Caddesi 67, and OpenStreetMap records the same telephone the house publishes, +90 850 308 45 45, against hours running to one in the morning.",,,,,reported,https://www.google.com/maps/search/?api=1&query=Karak%C3%B6y%20G%C3%BCll%C3%BCo%C4%9Flu%20Istanbul,confirmed,2026-08-15,none
Tarihi Kadıköy Çarşısı,,"Kadıköy, Asian side — five minutes' walk from the ferry pier","Güneşlibahçe Sokağı and Serasker Caddesi, Osmanağa, Kadıköy",,,,several,Provisioning,,,,,,"The market is not a building, it is a grid of short streets behind Söğütlüçeşme, and Güneşlibahçe Sokağı is its spine — OpenStreetMap maps fishmongers at nos. 1–3, a greengrocer at no. 9, butchers, bakeries and a spice counter inside about eighty metres of each other, with more fish and a butcher's row round the corner on Serasker Caddesi. Buy to the Turkish fishing calendar rather than to a shopping list: commercial fishing runs 1 September to 15 April, so palamut lands from September, lüfer through the autumn and hamsi from late autumn into winter, while between mid-April and the end of August almost everything on ice is farmed levrek and çipura or flown in. Fish is chalked per kilo and cleaned at the counter at no charge; produce is priced per kilo too, and the crates behind the stall are usually cheaper than the display. Stall names on this street turn over faster than the trades do, so shop the counter, not the sign — verify any single shop before you make a special trip for it.",,,,,reported,https://www.google.com/maps/search/?api=1&query=Tarihi%20Kad%C4%B1k%C3%B6y%20%C3%87ar%C5%9F%C4%B1s%C4%B1%20Istanbul,confirmed,2026-08-15,none
Agora Meyhanesi 1890,bars,,,,,,several,,,,SINCE 1890,,,"Asteri Dulidis, a Greek sea captain, opened it in 1890; his son Stelyo and then his grandson Hristo Dulidis ran it after him, three generations of one family on one street. The barrel tables are the original format — wine drawn straight off a cask — which is what a meyhane was before anyone made it picturesque. Restored in 2013 by the architect Hakan Kıran, trading seven days. The sign, the family name and the neighbourhood still agree with each other.","A Greek captain's tavern in Balat — still open, its community long gone.",,,,reported,https://www.google.com/maps/search/?api=1&query=Agora+Meyhanesi+1890+Istanbul,confirmed,2026-08-15,none
The rakı sofrası,bars,,,,,,several,,,,FOUR HOURS MINIMUM,,,"Under the Turkish Food Codex, rakı is suma — grape or raisin distillate — redistilled with Pimpinella anisum in traditional copper pot stills of no more than 5,000 litres, bottled at 40 per cent minimum. Water turns it white: aslan sütü, lion's milk. The order is fixed. Cold mezes first and held a long time, then hot, then the fish. You drink at the speed of the table and never without food. Ordering rakı and eating fast is the visitor's giveaway.",Not a drink with dinner — a table that paces food across an evening.,,,,reported,https://www.google.com/maps/search/?api=1&query=The+rak%C4%B1+sofras%C4%B1+Istanbul,confirmed,2026-08-15,none
Çiçek Pasajı,bars,,,,,,several,,,,"READ, DON'T EAT",,,"Built in 1876 as the Cité de Péra by the Greek banker Hristaki Zoğrafos, on ground cleared by the 1870 Pera fire that destroyed the Naum Theatre — a Second Empire arcade of European shops and apartments. As Pera declined the shops became rough meyhanes: beer barrels rolled onto the pavement, marble slabs laid across them. It was restored in 1988, and again since. The building came back. The clientele did not.","The prettiest arcade on İstiklal, and the clearest map of what was taken.",,,,reported,https://www.google.com/maps/search/?api=1&query=%C3%87i%C3%A7ek+Pasaj%C4%B1+Istanbul,confirmed,2026-08-15,none
WAYANA Wine Bar &amp; Tapas,bars,,,,,,several,,,,500+ BY THE GLASS,,,"Moda, and the single most useful room in Istanbul for anyone who thinks Turkish wine means a hotel Cabernet. The house carries labels from 143 Turkish wineries and, as of July 2026, ninety endemic grape varieties — and serves the entire list by the glass, which is the whole point: you can taste eight native grapes in one evening instead of gambling a bottle on one. Tapas alongside, built to pair rather than to fill. Start here and the rest of the guide reads differently.",Every one of 500-plus labels open by the glass. Nowhere else does this.,,,,reported,https://www.google.com/maps/search/?api=1&query=WAYANA+Wine+Bar+%26amp%3B+Tapas+Istanbul,confirmed,2026-08-15,none
Lips Wine Bar,Natural wine,Nişantaşı,"Teşvikiye, Hacı Emin Efendi Sok., Nişantaşı Apt No:24C, Şişli, İstanbul",,41.051687,28.991696,several,Wine bar,,,CLOSED SUNDAYS,,17:00–00:00 · Fri–Sat to 02:00,"One of the two openings that visibly thickened the natural-wine layer this year, tucked into an apartment building on a Teşvikiye side street: a short chef-driven small-plates list against low-intervention pours, and lighting dim enough to hold a table for three hours. Monday to Saturday, five in the afternoon until one in the morning. It is closed on Sundays without exception — the night visitors most often try it, and the reason to check the day before you cross town.","Nişantaşı's low-lit natural-wine room, small plates, and a hard Sunday shutter.",,Any except Sun,Opened in the current wave,reported,https://www.google.com/maps/search/?api=1&query=Lips+Wine+Bar+Istanbul,confirmed,2026-08-11,neighborhood
Öküzgözü &amp; Boğazkere,bars,,,,,,several,,,,EAST ANATOLIA,,,"Öküzgözü, 'bull's eye', comes from the villages around Elazığ and Malatya: violets, red and black plum, soft ripe tannin, medium-bodied and generous, and capable of oak without collapsing. Boğazkere grows down the Tigris from Diyarbakır and is its opposite — dense, structural, aggressively tannic, the name meaning roughly 'throat-scraper'. Blended, the first sands down the second, and that blend is what Turkey exports as its own idea. Order each on its own once, to hear what it was actually contributing.","The bull's eye and the throat-scraper — Turkey's great red pairing, rarely poured apart.",,,,reported,https://www.google.com/maps/search/?api=1&query=%C3%96k%C3%BCzg%C3%B6z%C3%BC+%26amp%3B+Bo%C4%9Fazkere+Istanbul,confirmed,2026-08-15,none
Kalecik Karası,bars,,,,,,several,,,,NEAR ANKARA,,,"From Kalecik, north-east of Ankara on the Kızılırmak. Pale to medium in colour, red cherry and strawberry, low to moderate tannin — and Turkish drinkers reach almost automatically for Gamay or Pinot Noir to describe it, which tells you exactly what it is for. This is the bottle when the table is eating mezes rather than grilled meat. Serve it cool. In a country whose reputation abroad rests on tannin, it is the standing argument for the other direction.","The Anatolian red that drinks like Gamay, and was nearly lost.",,,,reported,https://www.google.com/maps/search/?api=1&query=Kalecik+Karas%C4%B1+Istanbul,confirmed,2026-08-15,none
Narince &amp; Emir,bars,,,,,,several,,,,THE TWO WHITES,,,"Narince is Tokat's grape and its name means 'delicately' — aromatic, medium to full-bodied, with a texture that carries oak without losing the fruit. Emir comes off the volcanic soils of Cappadocia: high acid, mineral and savoury, sharper and more austere than Narince, and the one with real ageing capacity. Between them they cover the entire Turkish white argument, and both are absurdly cheap set against any European equivalent. Emir with fish and raw things, Narince with anything out of a wood oven.",One means 'delicately'; the other grows on Cappadocian volcanic rock.,,,,reported,https://www.google.com/maps/search/?api=1&query=Narince+%26amp%3B+Emir+Istanbul,confirmed,2026-08-15,none
Papazkarası &amp; Çalkarası,bars,,,,,,several,,,,ROSÉ &amp; LIGHT RED,,,"Papazkarası — 'priest's black' — is Thracian, thick-skinned, high in acid and modest in tannin, now vinified as a varietal red, as blanc de noirs and as traditional-method sparkling. Çalkarası comes from the Çal district of Denizli in the inland Aegean and reaches its best as rosé: pale, dry, sharply acidic, tart cherry and pomegranate where a Provençal wine would give melon. Both are summer bottles, both are improving fast, and both are still priced as curiosities rather than as serious wine.","The two that make the country's best rosés, from opposite ends of it.",,,,reported,https://www.google.com/maps/search/?api=1&query=Papazkaras%C4%B1+%26amp%3B+%C3%87alkaras%C4%B1+Istanbul,confirmed,2026-08-15,none
Nayah,Listening,Kadıköy,,,40.991295,29.024563,several,Reggae|Dub,,,REGGAE &amp; DUB,,,"Kırtasiyeci Sokak in Kadıköy, running fifteen years and more, and narrow in the best possible way — it does one thing. Roots reggae, dub and dancehall on sound-system logic rather than DJ-set logic, live bands most weekends, and a dancefloor on the top level with the neighbourhood spread out beneath it. If the listening bars are about sitting still and hearing detail, this is the same obsession with sound pushed in the opposite direction.","The only terrace in Turkey given over entirely to reggae, dub and dancehall.",,Tue,,reported,https://www.google.com/maps/search/?api=1&query=Nayah+Istanbul,confirmed,2026-08-15,neighborhood
Dama,Coffee / Listening,"Teşvikiye, Şişli",,,41.051687,28.991696,several,Café by day|Hi-fi by night,,,CAFÉ TO HI-FI,,Either end of the day,"Şakayık Sokak in Teşvikiye, and its own line is 'café by day, hi-fi by night'. Mornings are filter coffee, breakfast and laptops on a quiet side street; the evening hands the room to vinyl through a system somebody clearly spent real money on, with an open kitchen, ceramic surfaces and shelves of records. Short seasonal cocktail list, small plates. The cleanest single example of the format Istanbul has adopted faster than anywhere else.","Filter coffee by day, vinyl through serious speakers once the light goes.",,Tue,New in the current wave,reported,https://www.google.com/maps/search/?api=1&query=Dama+Istanbul,confirmed,2026-08-11,neighborhood
Frankhan,Listening / Club,Karaköy,,,41.022864,28.974039,several,House|Electro|Audiophile Sound Room,,,SOUND ROOM,,,"Opened in 2023 by the Selectist team inside a Karaköy han, running house, electro and live electronic on the main floor. Behind it sits the Sound Room, a far smaller space held within the original walls of the han. Check which of the two rooms is open on the night; they do not always run together.","A Karaköy han, a main floor for dancing, and a second, much smaller room behind it.",,Fri,,reported,https://www.google.com/maps/search/?api=1&query=Frankhan+Istanbul,confirmed,2026-08-11,neighborhood
FLUX,Club,Maslak,,,41.109999,29.020591,berth_top,Techno|House|Funktion-One,,,FRI HOUSE / SAT TECHNO,,Late,"An RX Istanbul project in a modular room that scales from fifty to five hundred indoors plus a two-hundred-capacity terrace, on Funktion-One. The programming split is explicit and worth planning around: Fridays run house, groove-led and rhythmic; Saturdays go techno, deeper and harder. The opening season, autumn 2025, carried Ben Klock, Anja Schneider, Cormac, Setaoc Mass and Stef Mendesidis; 2026 has run to Rødhåd, Regal, Tommy Four Seven, Adriana Lopez and FJAAK. This is the serious room, and it is a long way north — budget for the taxi.","Funktion-One in Maslak, and the two nights are deliberately not the same night.",,Fri (house) · Sat (techno),,reported,https://www.google.com/maps/search/?api=1&query=FLUX+Istanbul,confirmed,2026-08-11,neighborhood
NOH Radio Bar / NOH Extended,Club,Beyoğlu,,,41.028423,28.973681,several,Techno|Trance|Jungle|House|Art space,,,BAR THEN CLUB,,Late,"Two rooms and one idea. The Radio Bar in Firuzağa is compact enough that the sound spills onto the pavement and the crowd stands outside with it — electronic, house, trance, visiting DJs, no pretence at a door policy. NOH Extended on Tosbağa Sokak is the late half: multi-level, exhibition space upstairs, club underneath, and the particular mix of underground scene, art crowd and record obsessives that Beyoğlu still assembles better than anywhere across the water.","So small the music goes out into the street, plus a late annexe.",,Fri,,reported,https://www.google.com/maps/search/?api=1&query=NOH+Radio+Bar+%2F+NOH+Extended+Istanbul,confirmed,2026-08-11,neighborhood
Suma Han,Collective,Beyoğlu,,,41.028423,28.973681,berth_top,Creative hub|Studios|Residences|500-cap club,,,BUILT 1923,,,"Built in 1923 by the Greek architect Simotas and worked as a rakı distillation plant. Bought in 2003, restored, and reopened in 2009 as offices, artist studios, residences and common rooms with a club floor and genuine acoustics folded in — two stages, techno and psy-trance, plus exhibitions and talks. That the city's clearest case of artists building their own infrastructure sits inside a Greek-built rakı works is not a coincidence this guide is going to let pass.","A Greek-built rakı distillery, now an artists' building with a club inside.",,Fri,"With the Biennial in its academy year, spaces like this are where the programming actually is",reported,https://www.google.com/maps/search/?api=1&query=Suma+Han+Istanbul,confirmed,2026-08-11,neighborhood
POPSTEL — Stay Local,Party series,Galatasaray,,,41.032476,28.973583,several,Y2K hip-hop|UK garage|Dark disco,,,PARTY SERIES,,,"Not a club so much as a series, run out of a hostel bar on Tomtom Sokak in Galatasaray, and the necessary correction to a city that can feel as though it only plays four-to-the-floor. Stay Local works Y2K hip-hop, UK garage and dark disco to a young local crowd rather than an imported-headliner one, which is the entire premise of the name. Check the dates: the room is only worth the walk when the series is actually on.","The night that ignores techno entirely: Y2K rap, UK garage, dark disco.",,Fri,,reported,https://www.google.com/maps/search/?api=1&query=POPSTEL+%E2%80%94+Stay+Local+Istanbul,confirmed,2026-08-15,neighborhood
The Bank Roof Bar,Rooftop,Karaköy — The Bank Hotel,,,41.022864,28.974039,several,Rooftop|Old-city view,,,"TL 1,000–1,200 · TERRACE FLOOR",Book for sunset,"Daily, midday to late","Bankalar Caddesi — Voyvoda Caddesi on the older maps — was the financial centre of the late Ottoman Empire, and the houses that built it were largely Galata's Jewish, Greek and Armenian banking families; the Camondos cut their baroque staircase down the hill to it in the nineteenth century. The banks left for Levent in the 1990s. The hotel took one of their buildings at No. 5, and the terrace looks across the Golden Horn to Hagia Sophia, Topkapı and the Blue Mosque.",A drink on the roof of the street that financed the Ottoman Empire.,,,,reported,https://www.google.com/maps/search/?api=1&query=The+Bank+Roof+Bar+Istanbul,confirmed,2026-08-11,neighborhood
Roof106,Rooftop,"Galata — atop the Galata Times Hotel, Beyoğlu",,,41.025286,28.972792,several,Rooftop|Cocktails,,,CLOSED TUESDAYS,,Sunset,"The name is the street number. Meşrutiyet Caddesi is the Pera spine — the Pera Palace, the old consulates and The Marmara Pera all stand on it — so two of the city's roofs sit a few hundred metres apart on the same pavement at very different money. From the top of the Galata Times Hotel the line of sight runs over the Golden Horn to the peninsula, with the tower close on the left. Confirm the day as well as the hour: it closes on Tuesdays.",Named after its own front door: Meşrutiyet Caddesi number 106.,,Any except Tue,,reported,https://www.google.com/maps/search/?api=1&query=Roof106+Istanbul,confirmed,2026-08-11,neighborhood
Mikla Bar,rooftops,,,,,,several,,,,★ MICHELIN · BAR 18:00–02:00,,,"Mehmet Gürs's restaurant holds a MICHELIN star and occupies the top two floors of The Marmara Pera, but the bar is a separate proposition. It opens at 18:00 and runs to 02:00, has an outdoor terrace and a pool, and does not require the tasting menu — you can sit at it for the price of a cocktail. It is the highest roof on Meşrutiyet Caddesi, which is most of what you are paying for.",The starred kitchen is downstairs; the terrace will pour you a drink without it.,,,,reported,https://www.google.com/maps/search/?api=1&query=Mikla+Bar+Istanbul,confirmed,2026-08-15,none
Roof Mezzepotamia,Rooftop,"Sirkeci, Fatih — terrace of the Orient Occident Hotel, Autograph Collection","Hobyar Mah., Hoca Kasım Köprüsü Sok. No:2, Sirkeci, Fatih, İstanbul",,,,several,Rooftop|270° view,,,SIRKECI — NOT KARAKÖY,Book for sunset,Sunset,"It is in Sirkeci, on the historic peninsula, on the terrace of the Orient Occident Hotel — not Karaköy, where a run of English-language listings puts it. The difference is the whole point: from here you look back at Galata instead of out from it, across 270 degrees of the Bosphorus, the Golden Horn and the tower. The name folds mezze into Mesopotamia, and the kitchen runs the seven regions of Turkey. Sirkeci Station, terminus of the Orient Express from 1890, is a few doors away.",The one every English guide puts on the wrong shore.,,,,reported,https://www.google.com/maps/search/?api=1&query=Roof+Mezzepotamia+Istanbul,confirmed,2026-08-11,none
Sky Karaköy,Rooftop,"9th floor, JW Marriott İstanbul Bosphorus, Karaköy",,,41.024080,28.979241,several,Rooftop,,,17:00–01:00 · SEASONAL,,17:00–01:00,"Ninth floor of the JW Marriott İstanbul Bosphorus, above Karaköy and close enough to Galataport that the cruise ships become part of the view. Stated hours are 17:00 to 01:00 daily. The caveat is not invented: Marriott's own listing for the bar has carried a Seasonally Closed label, which is a hotel group's way of saying the roof shuts when the weather turns. Telephone the hotel before you build an evening around it.","Ninth floor, the strait wide open — when it is actually open.",,,,reported,https://www.google.com/maps/search/?api=1&query=Sky+Karak%C3%B6y+Istanbul,confirmed,2026-08-11,neighborhood
Manifest Roof,Rooftop,"Bereketzade, Galata, Beyoğlu",,,41.025286,28.972792,several,Rooftop|Modern Mediterranean,,,GLASS ROOF · YEAR-ROUND,,Dinner from 18:00,"A short walk from the Galata Tower on Şimşir Sokak, and the only roof here that stays open through winter: a glass ceiling holds the Golden Horn in view through rain and cold, when most Galata terraces simply close. The kitchen runs a long Mediterranean and Turkish list — around sixty dishes — rather than a bar menu, so treat it as a dinner room that happens to be on a roof. Its own pages disagree about the hours; confirm when you book.",The Galata roof that does not shut when the weather turns.,,,The summer's new rooftop entry,reported,https://www.google.com/maps/search/?api=1&query=Manifest+Roof+Istanbul,confirmed,2026-08-11,neighborhood
Hood,rooftops,,,,,,several,,,,12TH FLOOR · MODA,,,"Twelve floors above Moda on the Kadıköy shore, which puts the European skyline on the far side of the water rather than underneath you: the old-city peninsula, the mouth of the Bosphorus and the Princes' Islands out in the Marmara, in one sweep. Service runs 15:00 to 23:00 and the dress code is smart casual. Getting there is a ferry crossing at dusk, which is arguably the better half of the evening.","The Asian side's roof, and the only one that sees everything at once.",,,,reported,https://www.google.com/maps/search/?api=1&query=Hood+Istanbul,confirmed,2026-08-15,none
What a drink costs up there,rooftops,,,,,,several,,,,"TL 600–1,200",,,"Budget roughly 600 to 900 TL for a cocktail at a mainstream hotel rooftop in 2026. The marquee addresses sit above that band — current listings for the best-known Karaköy and Pera terraces run 1,000 to 1,200 TL a cocktail, The Bank Roof Bar among them. The gap between the two bands is the view, not the liquor.",You are buying the sightline. The drink is incidental.,,,,reported,https://www.google.com/maps/search/?api=1&query=What+a+drink+costs+up+there+Istanbul,confirmed,2026-08-15,none
The hour,rooftops,,,,,,several,,,,SUNSET 20:05 · MID-AUGUST,,,"Turkey abolished daylight saving on 7 September 2016 and has stayed on UTC+3 ever since, an hour ahead of its own longitude. The effect on a roof is direct: mid-August sunset falls around 20:05, with the golden hour from about 19:25 and blue light holding to about 20:35. By midwinter the same moment arrives just before 17:40. Arrive at least forty-five minutes early if you want a table on the rail.","Turkey never puts its clocks back, so the light lasts absurdly late.",,,,reported,https://www.google.com/maps/search/?api=1&query=The+hour+Istanbul,confirmed,2026-08-15,none
The season,rooftops,,,,,,several,,,,NOV–MAR,,,"An Istanbul rooftop is a summer business. Terraces glass themselves in, cut their hours or close outright from about November, and the listings do not always keep up — Sky Karaköy carries a Seasonally Closed label on its own group's site, and Manifest advertises its glass ceiling precisely because staying open through the cold is unusual here. Between November and March, telephone the venue on the day. A confirmed booking is not proof the roof is trading.",Half these roofs simply are not there in winter.,,,,reported,https://www.google.com/maps/search/?api=1&query=The+season+Istanbul,confirmed,2026-08-15,none
Moda,quartiers,,,,,,several,,,,late afternoon · the coast path,,,"The headland below Kadıköy, laid out in the late nineteenth century when Greek, Armenian and Levantine families built wooden summer houses down the lanes to the water. Their churches — Hagia Triada among them — still hold services; their congregations are a fraction of what they were. The Vedat Tek ferry pier of about 1917 has been restored as a book café and public library, and the coast path around the point is the best free hour on the Asian side. Walk it westward into the sunset.","Wooden villas built by three communities, and the pier that outlived them.",,,,reported,https://www.google.com/maps/search/?api=1&query=Moda+Istanbul,confirmed,2026-08-15,none
Yeldeğirmeni,quartiers,,,,,,several,,,,mornings · murals,,,"Named for the flour mills that once ground for the palace, and settled since the fifteenth century by Armenians, Greeks and Jews — a handful of families remain. It was the first quarter in Kadıköy to build apartment blocks instead of wooden houses, and several of the originals still stand on their streets. A mural programme covered the gable walls a decade ago; the coffee and the quieter rooms followed. Coffee Manifesto holds this end of the district. Go in the morning.","Windmills, railway workers, and the first apartment blocks on this shore.",,,,reported,https://www.google.com/maps/search/?api=1&query=Yelde%C4%9Firmeni+Istanbul,confirmed,2026-08-15,none
Üsküdar,quartiers,,,,,,several,,,,"morning · lokanta, not meyhane",,,"Megaran settlers again, this time calling it Chrysopolis, the golden city. Ottoman Üsküdar was the terminus of the Anatolian caravan routes and, for much of the Ottoman period, the point at which the Surre caravan left the mainland carrying the sultan's gifts to Mecca; the regular caravan ended in 1915. That made it Muslim, settled and sober while the rest of the city was mixed and licensed — which is why the lokantas here are superb and the meyhanes essentially absent.","The gold city, and where the caravans set out for Mecca.",,,,reported,https://www.google.com/maps/search/?api=1&query=%C3%9Csk%C3%BCdar+Istanbul,confirmed,2026-08-15,none
Beyoğlu / Pera,quartiers,,,,,,several,,,,Thu · meyhane night,,,"Pera is Greek for beyond — the quarter across the Golden Horn from the old city. Foreigners won the right to buy property here in 1867 and built the Grand Rue de Péra with it: arcades, apartment houses and hotels in every style the century could supply. The Cité de Péra of 1876 became the Çiçek Pasajı, its elegant shops turned into rough meyhanes with barrels for tables.","The avenue was called Grand Rue de Péra, and it was not Turkish.",,,,reported,https://www.google.com/maps/search/?api=1&query=Beyo%C4%9Flu+%2F+Pera+Istanbul,confirmed,2026-08-15,none
Cihangir,quartiers,,,,,,several,,,,Bib Gourmand · afternoons,,,"Named for the mosque Sinan built in 1559 for Şehzade Cihangir, Süleyman's son, dead at twenty-two; the present building is an 1889 replacement after repeated fires and earthquakes. The slope below Taksim became the writers-and-cats quarter in the 1990s and has held that register better than most gentrified districts manage. Two rooms from this guide sit here: Casius, cooking Antakya food and carrying a 2026 Bib Gourmand, and Østre, the oyster and raw bar that opened this year.","A dead prince's mosque, then the writers, now the small serious rooms.",,,,reported,https://www.google.com/maps/search/?api=1&query=Cihangir+Istanbul,confirmed,2026-08-15,none
Nişantaşı,quartiers,,,,,,several,,,,evenings · wine and hi-fi,,,"A nişan taşı is an inscribed stele recording a record shot: Selim III's here dates from 1790–91, Mahmud II's from 1811. Mahmud II then encouraged settlement and the archery ground became the city's grandest residential grid. It is not a cooking quarter. It is a drinking and listening one — Lips for natural wine, and June and Dama in Teşvikiye next door, the second a café that turns hi-fi bar after dark.",Named for the stones that recorded how far a sultan's arrow flew.,,,,reported,https://www.google.com/maps/search/?api=1&query=Ni%C5%9Fanta%C5%9F%C4%B1+Istanbul,confirmed,2026-08-15,none
Karaköy and Galata,quartiers,,,,,,several,,,,sundown · rooftops,,,"Galata was a colony of the Republic of Genoa from 1267 to 1453 — walled, self-governing, and topped by the tower it finished in 1348. Five centuries later the banker Abraham Salomon Camondo cut his baroque staircase down to Bankalar Caddesi so he could walk from his house to his bank. Galataport reopened this waterfront to the public in 2021. Neolokal holds a star above it; the roof bars hold the view.","A Genoese city-state with its own walls, now the cruise front.",,,,reported,https://www.google.com/maps/search/?api=1&query=Karak%C3%B6y+and+Galata+Istanbul,confirmed,2026-08-15,none
Balat,quartiers,,,,,,several,,,,before 10:00 · steep lanes,,,"The name is probably from palation, palace, for the Blachernae ruins on the hill above. Sephardic and Romaniote families lived here for five centuries; the Ahrida synagogue, founded in the 1430s by Jews from Ohrid, is one of the oldest in the city and still in use. Agora Meyhanesi, which dates itself to 1890, is the reason to be here after dark. The painted staircases draw a queue by mid-morning, so do the lanes first and the photograph never.","Five centuries of Jewish Istanbul, sold now as a colour photograph.",,,,reported,https://www.google.com/maps/search/?api=1&query=Balat+Istanbul,confirmed,2026-08-15,none
Fener,quartiers,,,,,,several,,,,morning · the Patriarchate,,,"Phanar, the lighthouse, named the quarter and then the Phanariots — the Greek families who supplied the Ottoman state its dragomans, its interpreters and its Danubian princes. The Ecumenical Patriarchate is still here, and above it stands the Phanar Greek Orthodox College, the Red Castle, built 1881–83 by the architect Konstantinos Dimadis at a recorded cost of 17,210 Ottoman gold pounds. The school itself opened in 1454, the year after the conquest. It has outlasted the community it was built to teach.","The first throne of Orthodoxy, and a red school on the hill.",,,,reported,https://www.google.com/maps/search/?api=1&query=Fener+Istanbul,confirmed,2026-08-15,none
Arnavutköy,quartiers,,,,,,several,,,,late afternoon · 3 km walk,,,"Byzantine Mega Revma, the great current, for the water that runs fastest along this bank. Mehmed II resettled Albanians here in 1468 and the Turkish name followed, but the village stayed heavily Greek into the twentieth century, with Armenian and Jewish families beside them. It grew the Ottoman strawberry — small, less sweet than the modern berry, intensely scented — on forty hectares of hillside that are now streets. The bay-windowed wooden yalı are the best surviving row on the European shore. Tam Ocakbaşı cooks here.","The great current, an Albanian name, and a strawberry that lost its fields.",,,,reported,https://www.google.com/maps/search/?api=1&query=Arnavutk%C3%B6y+Istanbul,confirmed,2026-08-15,none
Bebek,quartiers,,,,,,several,,,,sundown · the bay,,,"The name means baby, and the bay is the calmest water on the European shore, which is why the yalı here belong to people who can afford calm. The white art nouveau pile on the front was built 1899–1901 for Emine Valide Pasha, mother of the last Khedive of Egypt; it became the Egyptian embassy and was later downgraded to a consulate once the capital moved to Ankara. The whole city's demotion, in one building.",A palace demoted to a consulate when the capital left.,,,,reported,https://www.google.com/maps/search/?api=1&query=Bebek+Istanbul,confirmed,2026-08-15,none
Tarabya,quartiers,,,,,,several,,,,dinner · the bay at night,,,"Byzantine Pharmakia — poison, after the Medea legend — until it was renamed Therapeia, the cure, for its springs; tradition credits Archbishop Atticus, some time between 406 and 425. It became the summer address of the embassies. Abdülhamid II gave the German one its plot in 1880; the residence went up between 1885 and 1887 and has run since 2011 as an artists' residency. The bay below is a fish-restaurant row, and Arogan, with Burak Zafer cooking, opened above it this year.","Poison, renamed cure, then rented to ambassadors.",,,,reported,https://www.google.com/maps/search/?api=1&query=Tarabya+Istanbul,confirmed,2026-08-15,none
Eminönü to Kadıköy,walks,,,,,,several,,,,~20 min · İstanbulkart,,,"The line traces back to the Şirket-i Hayriye of 1851, the Ottoman empire's first joint-stock company; the boats today are run by Şehir Hatları, municipal since 2006 and working 32 lines from 53 piers. Take the open deck, order tea from the tray that never spills, and watch the old city separate from Galata as you pull out. It is transport rather than a tour, which is exactly why it is worth doing.",The commute that happens to be the best twenty minutes in the city.,,,,reported,https://www.google.com/maps/search/?api=1&query=Emin%C3%B6n%C3%BC+to+Kad%C4%B1k%C3%B6y+Istanbul,confirmed,2026-08-15,none
Karaköy or Eminönü to Üsküdar,walks,,,,,,several,,,,~15 min · dusk crossing,,,"Üsküdar was Chrysopolis, founded by colonists from Megara in the seventh century BC, and for centuries the point at which Asia began: the caravan roads east and the pilgrim road to Mecca started from this shore. The Maiden's Tower stands offshore — a Byzantine tower of 1110 on a rock the Athenians had already used as a customs post, rebuilt repeatedly since; what you see is Ottoman. Sinan's Mihrimah Sultan mosque sits above the pier and his small Şemsi Paşa mosque almost in the water. Cross back westward at dusk and the European skyline lights up in front of you.",The shortest hop to Asia — take it back westward with the sun going down.,,,,reported,https://www.google.com/maps/search/?api=1&query=Karak%C3%B6y+or+Emin%C3%B6n%C3%BC+to+%C3%9Csk%C3%BCdar+Istanbul,confirmed,2026-08-15,none
The Golden Horn line — Üsküdar to Eyüpsultan,walks,,,,,,several,,,,~50 min end to end · hop off,,,"The Haliç line runs Üsküdar, Karaköy, Kasımpaşa, Fener, Balat, Hasköy, Ayvansaray, Sütlüce, Eyüpsultan — which is to say it stops at the door of every walk in the next group. The Golden Horn is 7.5 km long and was an industrial sewer within living memory; the clean-up through the 1980s and 1990s is the reason you can now sit on deck and enjoy it. Ride to the top, walk, and come back by boat.","One boat, nine piers, and the door of every walk in the next group.",,,,reported,https://www.google.com/maps/search/?api=1&query=The+Golden+Horn+line+%E2%80%94+%C3%9Csk%C3%BCdar+to+Ey%C3%BCpsultan+Istanbul,confirmed,2026-08-15,none
Kuzguncuk's one street,walks,,,,,,several,,,,~1 h · Sunday · free,,,"İcadiye Caddesi runs a few hundred metres up from the water, and along it stand a mosque, the Bet Yaakov synagogue — conventionally dated 1878 and probably older — an Armenian church and Greek Orthodox ones. Sephardic Jews settled here after the expulsions from Spain; the oldest Jewish gravestone in the neighbourhood is dated 1562. The community thinned after 1948 and emptied fast after the 1955 pogrom, replaced by migrants from the Black Sea coast. One street, the whole argument.","A mosque, a synagogue and a church on the same short road.",,,,reported,https://www.google.com/maps/search/?api=1&query=Kuzguncuk%27s+one+street+Istanbul,confirmed,2026-08-15,none
Moda and the Kadıköy sea walk,walks,,,,,,several,,,,~2 km · sunset · free,,,"Moda became fashionable from the 1870s as a summer quarter for Greek, Armenian and Levantine families, which is why Greek Orthodox, Anglican and Catholic churches and the 1870 Lycée Saint-Joseph still stand among the apartment blocks. The pier building dates from 1917 and was restored in 2022. Walk out to Moda Burnu, sit on the grass with everyone else and watch the sun drop behind the Historic Peninsula. The nostalgia tram loops back into Kadıköy.","The flat seafront the Asian side actually uses, pointed at the sunset.",,,,reported,https://www.google.com/maps/search/?api=1&query=Moda+and+the+Kad%C4%B1k%C3%B6y+sea+walk+Istanbul,confirmed,2026-08-15,none
Fener — the Patriarchate and the Red Castle,walks,,,,,,several,,,,~1.5 h · morning · free,,,"The Ecumenical Patriarchate has sat here since about 1600, and the Phanariot Greeks of this quarter supplied the Ottoman state its dragomans and, between 1711 and 1821, the governors of Wallachia and Moldavia. Above it rises the vast red-brick Phanar Greek Orthodox College, which now has almost no pupils, and that is the plainest measure of what happened here. Nearby, St Mary of the Mongols is the only Byzantine church in the city that has never stopped being a Greek Orthodox place of worship; the firmans of Mehmed II and Bayezid II granting it to the Greek community still hang there.","Orthodoxy's senior see, on a back street, behind an iron gate.",,,,reported,https://www.google.com/maps/search/?api=1&query=Fener+%E2%80%94+the+Patriarchate+and+the+Red+Castle+Istanbul,confirmed,2026-08-15,none
The iron church of St Stephen,walks,,,,,,several,,,,~30 min · free,,,"The Bulgarians broke from the Greek Patriarchate in 1870 and wanted a church of their own. The Ottoman Armenian architect Hovsep Aznavur drew it on an iron frame because the ground here is soft; the Austrian firm R. Ph. Waagner cast some 500 tonnes of parts in Vienna between 1893 and 1896 and shipped them down the Danube and across the Black Sea. Consecrated 8 September 1898, restored 2011 to 2018. A whole church made of metal.","A church cast in Vienna, shipped down the Danube, bolted together here.",,,,reported,https://www.google.com/maps/search/?api=1&query=The+iron+church+of+St+Stephen+Istanbul,confirmed,2026-08-15,none
Balat — Ahrida and the Jewish quarter,walks,,,,,,several,,,,~1.5 h · weekday morning,,,"Bayezid II opened the city to Jews fleeing the Spanish Inquisition after 1492 and Balat became the centre of Istanbul's Jewish life, with eighteen synagogues at its height. Ahrida was founded in the fifteenth century by Jews from Ohrid; its wooden bimah is built in the shape of a boat's prow, and Sabbatai Zevi prayed here — the only Istanbul synagogue where he did. He had proclaimed himself the Messiah at Smyrna at Rosh Hashanah in 1665, and on reaching Constantinople in February 1666 he was arrested on the order of the grand vizier Köprülüzade Fazıl Ahmed Pasha. Three synagogues still work. B","Eighteen synagogues once; three still working, one with a bimah shaped like a prow.",,,,reported,https://www.google.com/maps/search/?api=1&query=Balat+%E2%80%94+Ahrida+and+the+Jewish+quarter+Istanbul,confirmed,2026-08-15,none
Eyüpsultan and the hill above it,walks,,,,,,several,,,,~2 h · free · not Friday midday,,,"Abu Ayyub al-Ansari, a companion of the Prophet, died during the Arab siege of Constantinople in the 670s. His tomb was declared rediscovered after 1453, and the mosque raised over it became the place where each new sultan was girded with the Sword of Osman. It is a working pilgrimage site, so dress for it and avoid Friday midday. Above, the cemetery climbs to the Pierre Loti café, named for the French novelist and reached by cable car.","A pilgrimage mosque, a cemetery up the slope, and a cable car to the view.",,,,reported,https://www.google.com/maps/search/?api=1&query=Ey%C3%BCpsultan+and+the+hill+above+it+Istanbul,confirmed,2026-08-15,none
Büyükada by ferry,walks,,,,,,several,,,,90 min from Europe · 45 from Asia,,,"The Byzantines exiled inconvenient royals here, which is where the name comes from. A 1912 census counted roughly 10,250 Greeks to 670 Turks across the nine islands; this was a Greek, Armenian and Jewish summer world and it is not one now. Private cars are still banned. The horse phaetons have gone too: an outbreak of glanders among the horses finished them, and an Istanbul Metropolitan Municipality council decision of 16 January 2020 ended the phaeton era for good, with electric vehicles taking over the same summer.",Five and a half square kilometres with no engine noise in them.,,,,reported,https://www.google.com/maps/search/?api=1&query=B%C3%BCy%C3%BCkada+by+ferry+Istanbul,confirmed,2026-08-15,none
The Monastery of St George,walks,,,,,,several,,,,203 m · ~40 min climb · free,,,"Aya Yorgi sits at the island's highest point, 203 metres up. A chapel of 1751 stood here; the present cut-stone church was begun in 1905 and finished in 1909. The origin story — icons buried during a medieval sack and rediscovered after a shepherd's dream — is the standard one for a Greek shrine. What is not standard is the crowd: on 23 April, St George's day, thousands climb the path, and a great many of them are Muslim.",A steep climb that Muslims and Christians make together on the saint's day.,,,,reported,https://www.google.com/maps/search/?api=1&query=The+Monastery+of+St+George+Istanbul,confirmed,2026-08-15,none
The Prinkipo Orphanage,walks,,,,,,several,,,,derelict · exterior only · free,,,"Alexandre Vallaury designed it in 1898 for the Wagons-Lits company as the Prinkipo Palace, a hotel and casino for Orient Express passengers. Abdülhamid II refused the licence; a Greek banker's wife bought it and gave it to the Patriarchate, and it opened as an orphanage on 21 May 1903. Turkish authorities forced it shut on 21 April 1964, the year of the expulsions. Confiscated in 1997, returned after Strasbourg ruled against Turkey.","Europe's largest wooden building, twenty thousand square metres of it, empty since 1964.",,,,reported,https://www.google.com/maps/search/?api=1&query=The+Prinkipo+Orphanage+Istanbul,confirmed,2026-08-15,none
Heybeliada and the closed seminary,walks,,,,,,several,,,,one stop earlier · half day,,,"The Theological School of Halki opened on 1 October 1844 on the hill above Heybeliada and turned out close to a thousand priests, bishops and patriarchs. In 1971 Turkish legislation banning private higher education closed it, and it has taken no student since — though Ankara and the Patriarchate announced in 2026 that it will reopen. American presidents and the EU have pressed for that for decades. The monastery keeps the building, the library and the view. Get off one island early.","The school that trained a thousand priests, closed by a law about colleges.",,,,reported,https://www.google.com/maps/search/?api=1&query=Heybeliada+and+the+closed+seminary+Istanbul,confirmed,2026-08-15,none
The long ferry to Anadolu Kavağı,walks,,,,,,several,,,,full day · public ferry,,,"The long Şehir Hatları service runs from Eminönü to Anadolu Kavağı at the northern mouth of the Bosphorus, calling at Sarıyer and Rumeli Kavağı, and holds at the top long enough for lunch before turning back. Above the village stands Yoros Castle, fortified under the late Byzantines, Ottoman from 1391, lost to Genoa in 1414 for forty years — which is why everyone calls it the Genoese castle — then refortified by Mehmed II.","The whole strait end to end, on a commuter boat with a lunch stop.",,,,reported,https://www.google.com/maps/search/?api=1&query=The+long+ferry+to+Anadolu+Kava%C4%9F%C4%B1+Istanbul,confirmed,2026-08-15,none
Belgrad Forest,walks,,,,,,several,,,,~20 km north · half day,,,"The name is literal: Süleyman deported thousands of Serbs from Belgrade to the capital in 1521, and the village they were settled in named the forest. Two Ottoman systems ran through it — the sixteenth-century Kırkçeşme network upgraded by Sinan, and the eighteenth-century Taksim one — and their dams and aqueducts, among them the Maglova aqueduct and the Mahmud I arch of 1732, still stand among the sessile oaks. Some 5,500 hectares, with a 6.5 km running loop.","The oak forest north of the city, and the waterworks that supplied Ottoman Istanbul.",,,,reported,https://www.google.com/maps/search/?api=1&query=Belgrad+Forest+Istanbul,confirmed,2026-08-15,none
Hagia Sophia,culture,,,,,,several,,,,EUR 25 · upper gallery · Sultanahmet,,,"Justinian's church was inaugurated on 27 December 537, built in five years and ten months by Anthemius of Tralles and Isidore of Miletus. The first dome fell in the earthquake of 7 May 558; Isidore the Younger rebuilt it higher and steeper by 562, and that is the dome overhead. Cathedral for nine centuries, mosque from 1453, museum from 1935, mosque again since July 2020.","The dome came down once already, and the one overhead is the replacement.",,,,reported,https://www.google.com/maps/search/?api=1&query=Hagia+Sophia+Istanbul,confirmed,2026-08-15,none
Chora — Kariye Mosque,culture,,,,,,several,,,,EUR 20 · closed Fri · Edirnekapı,,,"Theodore Metochites, Grand Logothete under Andronikos II, paid for the mosaics and frescoes between about 1315 and 1321 and had himself worked into the panel above the door, handing the church over to Christ. He later fell from power and died as a monk inside it. Converted to a mosque in the early sixteenth century, made a museum in 1945, returned to worship and reopened on 6 May 2024 after four years of restoration. The narthex cycles are all visible; the figural mosaics in the prayer hall are veiled.","The finest Byzantine mosaic cycle anywhere, and three panels of it are behind curtains.",,,,reported,https://www.google.com/maps/search/?api=1&query=Chora+%E2%80%94+Kariye+Mosque+Istanbul,confirmed,2026-08-15,none
Süleymaniye Mosque,culture,,,,,,several,,,,Free · UNESCO 1985 · Fatih,,,"Begun 1550, finished 1557, and never only a mosque: it came with four madrasas, a medical school, a hospital, a soup kitchen, a caravanserai and a hamam. Süleyman lies in the garden tomb, Hürrem Sultan in hers of 1558, and Sinan in a small tomb at the corner of the wall he built. Above the entrance he set a chamber that drew oil-lamp smoke off the walls; the collected soot went to the palace calligraphers.",Sinan piped the lamp smoke into one room and turned the soot into ink.,,,,reported,https://www.google.com/maps/search/?api=1&query=S%C3%BCleymaniye+Mosque+Istanbul,confirmed,2026-08-15,none
Topkapı Palace,culture,,,,,,several,,,,"2,750 TL · closed Tue · Harem included",,,"Mehmed II ordered construction from 1459; the palace was finished around 1478 and governed the empire until the court moved to Dolmabahçe in 1856. The Chamber of the Sacred Relics has held its collection since 1517, when Selim I took Cairo and the caliphate came north — and the practice of recitation came with it, kept now by a rota of readers through opening hours. In the Treasury: the Topkapı dagger and the eighty-six-carat Spoonmaker's Diamond.","The Quran is read aloud, all day, in the room that has held the relics since 1517.",,,,reported,https://www.google.com/maps/search/?api=1&query=Topkap%C4%B1+Palace+Istanbul,confirmed,2026-08-15,none
Basilica Cistern,culture,,,,,,several,,,,"1,950 TL day · 3,000 TL night",,,"Justinian's reservoir was built around 532 beneath a public basilica, which is where the name comes from. Three hundred and thirty-six columns, most of them scavenged from older buildings, carried water to the Great Palace above. In the north-west corner two carved Medusa heads serve as column bases, one laid sideways, one inverted, with no surviving explanation for either. It reopened in July 2022 after five years of restoration and seismic strengthening; management passed to the state foundations body in June 2026, which briefly closed it.","Two Medusa heads used as furniture, one on her side, one upside down.",,,,reported,https://www.google.com/maps/search/?api=1&query=Basilica+Cistern+Istanbul,confirmed,2026-08-15,none
Istanbul Archaeological Museums,culture,,,,,,several,,,,1891 · Gülhane · own ticket,,,"Osman Hamdi Bey excavated the royal necropolis at Sidon in 1887 and brought back a Pentelic marble sarcophagus with its painted surfaces still partly legible — Macedonian and Persian figures fighting in colour. The museum he founded around the find opened on 13 June 1891 and holds roughly a million objects, among them two of the three tablets of the Kadesh treaty of about 1259 BC, the oldest known peace treaty; the United Nations hangs a copy in New York.",The painter who dug up the Alexander Sarcophagus then built a museum around it.,,,,reported,https://www.google.com/maps/search/?api=1&query=Istanbul+Archaeological+Museums+Istanbul,confirmed,2026-08-15,none
Istanbul Modern,culture,,,,,,several,,,,900 TL · closed Mon · Karaköy,,,"Founded in 2004 as Türkiye's first museum of modern and contemporary art, it started in a Karaköy warehouse, moved out in 2018, and returned to the same stretch of waterfront on 4 May 2023 in Renzo Piano's first building in the country. The aluminium facade is cut to catch the strait's light. On the roof a terrace stands above a shallow reflecting plane, so the water on the building and the water below run together. Semiha Berksoy's retrospective closes 6 September 2026.",A viewing terrace hovering over a sheet of water covering the whole roof.,,,,reported,https://www.google.com/maps/search/?api=1&query=Istanbul+Modern+Istanbul,confirmed,2026-08-15,none
Pera Museum,culture,,,,,,several,,,,300 TL · free Fri 18-22 · Tepebaşı,,,"The building opened in 1893 as the Bristol, one of the Pera hotels that took Orient Express traffic alongside the Pera Palace and the Tokatlıyan. Its facade was kept and everything behind it rebuilt as galleries; the Suna and İnan Kıraç Foundation opened the museum on 8 June 2005. The anchor is Osman Hamdi Bey's The Tortoise Trainer, painted in 1906 and bought at auction in December 2004 for a sum that was then a record for a Turkish work.",An 1893 hotel that now owns the record-breaking Turkish painting.,,,,reported,https://www.google.com/maps/search/?api=1&query=Pera+Museum+Istanbul,confirmed,2026-08-15,none
SALT Galata,culture,,,,,,several,,,,Free · Tue-Sun · Bankalar Cad.,,,"Alexandre Vallaury finished the Imperial Ottoman Bank's headquarters on Bankalar Caddesi in 1892, and the bank held the building until 1999. SALT took it in November 2011 and made it free: galleries, an open research library, a café and bookshop at street level, and the Ottoman Bank archive covering 145 years downstairs.","The Imperial Ottoman Bank's head office, and it costs nothing to walk in.",,,,reported,https://www.google.com/maps/search/?api=1&query=SALT+Galata+Istanbul,confirmed,2026-08-15,none
Zeki Müren,culture,,,,,,several,,,,1931-1996 · Sanat Güneşi,,,"Born in Bursa, schooled in Istanbul, he entered the State Academy of Fine Arts in 1950 and made his first live broadcast on Istanbul Radio on 1 January 1951. He then held the stage at the Maksim gazino in Taksim for eleven years — the big-room, orchestra-backed successor to the meyhane's fasıl nights. A sequinned jacket from 1958, a miniskirt from 1970, and no loss of affection from a conservative public. He collapsed and died at a TRT ceremony on 24 September 1996, leaving everything to two charitable foundations.","Turkey's most beloved voice belonged to its most flamboyant man, and nobody minded.",,,,reported,https://www.google.com/maps/search/?api=1&query=Zeki+M%C3%BCren+Istanbul,confirmed,2026-08-15,none
Prinkipo Greek Orthodox Orphanage,culture,,,,,,several,,,,1898 · Büyükada · exterior only,,,"Alexandre Vallaury — the architect of the Ottoman Bank — built it in 1898 for the Wagons-Lits company, which ran the Orient Express, as a hotel and casino. Abdülhamid II refused the operating permit. In 1903 Eleni Zarifi bought it and gave it to the Ecumenical Patriarchate, which ran it as an orphanage for Greek children until Turkish authorities forced it shut on 21 April 1964. Twenty thousand square metres of timber have stood open to the weather since. Title was returned in 2012; a restoration partnership was signed in June 2026.","Europe's largest wooden building, shut by the state in 1964 and empty since.",,,,reported,https://www.google.com/maps/search/?api=1&query=Prinkipo+Greek+Orthodox+Orphanage+Istanbul,confirmed,2026-08-15,none
Yenikapı — the dig that held up the railway,culture,,,,,,several,,,,2004-2013 · Marmaray,,,"Salvage excavation at Yenikapı ran from 2004 to 2013 and held the Marmaray project up for years. It exposed the Theodosian Harbour and thirty-seven shipwrecks of the fifth to eleventh centuries, the largest group of medieval ships ever found on a single site. Below the harbour floor came something much older: dwelling foundations, burials and human footprints from roughly 8,500 years ago, when the Sea of Marmara was still a lake. Sixty thousand objects in all.","Digging the Bosphorus rail tunnel turned up a settlement 8,500 years old.",,,,reported,https://www.google.com/maps/search/?api=1&query=Yenikap%C4%B1+%E2%80%94+the+dig+that+held+up+the+railway+Istanbul,confirmed,2026-08-15,none
Halfdan's runes,culture,,,,,,several,,,,Found 1964 · Hagia Sophia,,,"In 1964 a runic inscription about twenty-three centimetres long was found scratched into the marble parapet of Hagia Sophia's upper south gallery. Only the ending, -ftan, is legible; runologists read it as Halfdan and reconstruct the ordinary Norse formula behind it — Halfdan carved these runes. He would have been one of the Varangians, the Norse and later Anglo-Saxon mercenaries who guarded Byzantine emperors from the late tenth century. A second name, Ári, surfaced in 1975.",A Varangian guardsman got bored during a service and carved his name.,,,,reported,https://www.google.com/maps/search/?api=1&query=Halfdan%27s+runes+Istanbul,confirmed,2026-08-15,none
Tünel,culture,,,,,,several,,,,17 Jan 1875 · 573 metres,,,"The French engineer Eugène-Henri Gavand built it to solve exactly one problem: the climb from the port at Galata to the merchant quarter at Pera. It opened on 17 January 1875, which makes it the second-oldest underground urban railway in the world after the London Underground of 1863. Five hundred and seventy-three metres of it, about sixty of them vertical. It ran on steam until the renovation that closed the line in 1968; electrified and reopened in 1971, it is still doing the only job it was built for.","Twelve years after London, the second underground railway on earth — 573 metres.",,,,reported,https://www.google.com/maps/search/?api=1&query=T%C3%BCnel+Istanbul,confirmed,2026-08-15,none
The Obelisk of Theodosius,culture,,,,,,several,,,,c. 1450 BC · Hippodrome · free,,,"The granite was cut for Thutmose III and raised at Karnak, its inscriptions marking his campaign to the Euphrates around 1450 BC. Theodosius I had it shipped from Egypt and re-erected on the spine of the Hippodrome in 390 AD. It lost length in transit, so what stands is the upper section, 18.5 metres of it, on a marble base carved in Constantinople showing the emperor watching the races from his box. Nothing else in the city comes close in age.",Already eighteen centuries old when Constantinople put it up.,,,,reported,https://www.google.com/maps/search/?api=1&query=The+Obelisk+of+Theodosius+Istanbul,confirmed,2026-08-15,none
The Black Russian,culture,,,,,,several,,,,1872-1928 · Şişli · Taksim,,,"Frederick Bruce Thomas was born in Coahoma County, Mississippi in November 1872 to parents who had been enslaved. He reached Moscow by way of London, ran theatres and restaurants there for nineteen years, and fled the revolution to Constantinople. By Vladimir Alexandrov's account he opened Stella in Şişli, then Maxim in Taksim in 1921, and the city heard the foxtrot, the Charleston and live jazz through him. Refused a United States passport and buried in debt, he died in a debtors' prison in June 1928.",The man who brought jazz to Istanbul was born in Mississippi to freed slaves.,,,,reported,https://www.google.com/maps/search/?api=1&query=The+Black+Russian+Istanbul,confirmed,2026-08-15,none
Türk kahvesi,coffee-gardens,,,,,,several,,,,UNESCO 2013,,,"Hakem of Aleppo and Şems of Damascus opened Istanbul's first kahvehane in Tahtakale in 1554. Around fifty were counted in the city by the end of Süleyman's reign; Murad IV later banned the drink outright, on the correct assumption that men who sit together talk. UNESCO inscribed Turkish coffee culture in 2013 for the ritual rather than the bean: water first, a sweet alongside, the grounds left in the cup for the fal.",Two Syrians opened the first coffeehouse here in 1554; the city never recovered.,,,,reported,https://www.google.com/maps/search/?api=1&query=T%C3%BCrk+kahvesi+Istanbul,confirmed,2026-08-15,none
"Çay, and the tulip glass",coffee-gardens,,,,,,several,,,,All day · every day,,,"Law 407 of 1924 put tea cultivation on a legal footing at Rize on the wet Black Sea coast; the aim Çaykur records is work and income for the Eastern Black Sea after the First World War. The first large harvest came in 1938, the first factory in 1947. It is served in the ince belli, the thin-waisted glass, held by the rim — and refusing one is close to rude.","A law of 1924 put tea on the Black Sea coast, and it took over the whole day.",,,,reported,https://www.google.com/maps/search/?api=1&query=%C3%87ay%2C+and+the+tulip+glass+Istanbul,confirmed,2026-08-15,none
Kahvaltı — the word,coffee-gardens,,,,,,several,,,,Etymology,,,"Kahve altı, 'under coffee', was the small thing eaten before the cup, on the reasoning that Turkish coffee on an empty stomach is punishing. The two words fused into one and the term is first recorded in the 1870s. The meal then outgrew its own name — twenty small plates, three hours, no hurry — and the drink beside it is now tea. The word is a fossil of a coffee city that switched.","Breakfast here is literally named 'under coffee', and the coffee has since vanished.",,,,reported,https://www.google.com/maps/search/?api=1&query=Kahvalt%C4%B1+%E2%80%94+the+word+Istanbul,confirmed,2026-08-15,none
"Çınaraltı, Çengelköy",coffee-gardens,,,,,,several,,,,Free · open all hours,,,"The name means 'under the plane tree', and the tree is the entire proposition: a vast çınar on the Asian shore at Çengelköy, its canopy over tables facing the water. The garden pours tea and coffee and nothing else — you are expected to bring your own food, and people do, in bags. No music, no backgammon, no nargile, open at any hour. It is the least commercial room in this guide.",Chairs set under a plane tree said to be nearly a thousand years old.,,,,reported,https://www.google.com/maps/search/?api=1&query=%C3%87%C4%B1naralt%C4%B1%2C+%C3%87engelk%C3%B6y+Istanbul,confirmed,2026-08-15,none
Pierre Loti Kahvesi,coffee-gardens,,,,,,several,,,,Cable car 3 min · Eyüpsultan,,,"Evliya Çelebi knew this hill as the İdris Köşkü picnic ground. By the nineteenth century a coffeehouse called Rabia Kadın stood on it, and the French naval officer Julien Viaud — writing as Pierre Loti — arrived in 1876 and is said to have finished Aziyadé at one of its tables. The hill took his name. Ride the cable car up from Eyüp pier, then walk back down through the Ottoman cemetery: that descent is the reason to come.","A hilltop coffeehouse from the 1800s, above the graves, looking down the Golden Horn.",,,,reported,https://www.google.com/maps/search/?api=1&query=Pierre+Loti+Kahvesi+Istanbul,confirmed,2026-08-15,none
Moda Aile Çay Bahçesi,coffee-gardens,,,,,,several,,,,Cheap · Kadıköy,,,"A municipal tea garden on the slope above Moda's shore: umbrellas and plastic chairs under tall trees, the Sea of Marmara filling the view with the Princes' Islands on the horizon. Nobody is performing. Grandparents, students and dog-walkers hold tables for hours over tea and tavla, the food runs to sandwiches and toast, and half the room brought its own. This is what the Asian side does with an afternoon.","The whole of Kadıköy, three generations of it, facing the Marmara over a backgammon board.",,,,reported,https://www.google.com/maps/search/?api=1&query=Moda+Aile+%C3%87ay+Bah%C3%A7esi+Istanbul,confirmed,2026-08-15,none
Çorlulu Ali Paşa Medresesi,coffee-gardens,,,,,,several,,,,1708 · Beyazıt,,,"Çorlulu Ali Paşa built this medrese in 1708 on the old Divanyolu, the imperial processional road, as a working college. Its two courtyards now hold carpet dealers and one of the city's long-standing nargile and tea gardens — low stools, cushions, glasses arriving without being asked. It is the single good reason to sit down in the old city, which this guide otherwise tells you to eat your way out of.",A theology college courtyard where the students were replaced by nargile smoke.,,,,reported,https://www.google.com/maps/search/?api=1&query=%C3%87orlulu+Ali+Pa%C5%9Fa+Medresesi+Istanbul,confirmed,2026-08-15,none
İnci Pastanesi,coffee-gardens,,,,,,several,,,,Mid-1940s · profiterol,,,"İnci opened in the Cercle d'Orient building on İstiklal in the mid-1940s and built the business on one thing: choux balls filled with pastry cream under a chocolate sauce, the profiterol. It is the version every other one in the country is measured against. The shop was evicted in the early 2010s when the building was redeveloped; it went dark for about seventy days and reopened round the corner on Mis Sokak.","One dessert, one recipe, since the 1940s — then redevelopment moved the whole shop.",,,,reported,https://www.google.com/maps/search/?api=1&query=%C4%B0nci+Pastanesi+Istanbul,confirmed,2026-08-15,none
Markiz (ex-Lebon),coffee-gardens,,,,,,several,,,,Pera salon · reopened 2003,,,"Lebon's patisserie was trading on the Grand Rue from the 1880s and became the salon of Pera, with Pierre Loti and Yahya Kemal among the regulars. Its Art Nouveau faience panels were ordered from France: four seasons commissioned, and only Spring and Autumn survive in the room. When Lebon moved across the street in 1940, Avedis Ohanyan Çakır opened Markiz in the room it left, keeping the tiles. It closed in 1980 and came back, panels and all, in 2003.",Four Art Nouveau seasons were ordered from France; two are still on the wall.,,,,reported,https://www.google.com/maps/search/?api=1&query=Markiz+%28ex-Lebon%29+Istanbul,confirmed,2026-08-15,none
Montag Coffee Roasters,coffee-gardens,,,,,,several,,,,Roastery · three rooms,,,"Montag roasts its own and runs rooms in Kadıköy, Moda and Bomonti. The Kadıköy shop is the one to sit in: counter downstairs, a quiet second floor, V60 and cold brew alongside espresso, and the kind of turnover that means the bag you buy was roasted recently. Beans by the bag if you are travelling on.","Own-roasted beans across three rooms, and the Kadıköy one is where you sit down.",,,,reported,https://www.google.com/maps/search/?api=1&query=Montag+Coffee+Roasters+Istanbul,confirmed,2026-08-15,none
Neroli Daylight Kitchen,Coffee,Teşvikiye,,,41.051937,28.996637,several,Brunch|Seasonal,,,Tue–Sun 09:00–18:00,,Morning,"Neroli is the essential oil pressed from bitter-orange blossom, and the room runs at the same register: daylight, a short seasonal card, handmade croissants, soft breads to its own recipe, gelato. The charcuterie and the cured salmon are made in the kitchen rather than bought in, which is the actual difference here. It shuts at six and does not pretend to become a bar. In a district gone heavily to brunch theatre, that is the correction.",A kitchen that shuts at six on purpose and makes everything on the plate itself.,,Sun,Current daytime opening,reported,https://www.google.com/maps/search/?api=1&query=Neroli+Daylight+Kitchen+Istanbul,confirmed,2026-08-15,neighborhood
Mornings in Pera,coffee-gardens,,,,,,several,,,,Breakfast 09:00–16:00,,,"The room sits in Asmalımescit, the old meyhane grid, and serves the sprawled kahvaltı across the middle of the day rather than for one crowded hour — its own bakery, breakfast running to four in the afternoon. The queue is the price of that: come at nine, or come at three and take the last long table of the day.","The long Turkish breakfast, run as a proper kitchen rather than a photo set.",,,,reported,https://www.google.com/maps/search/?api=1&query=Mornings+in+Pera+Istanbul,confirmed,2026-08-15,none
Ebru — marbling,art,,,,,,several,,,,UNESCO 2014,,,"Pigment ground from earth and mineral, cut with ox gall so it floats, dropped onto water thickened with tragacanth, combed into flowers and stones and waves, then lifted off in one sheet. UNESCO inscribed it in 2014. It was never decorative on its own terms: ebru was made for bookbinders, as endpapers, and as a ground for official documents that could not be forged twice. It lived inside the book trade, not beside it.",Colour floated on thickened water and lifted onto paper in a single breath.,,,,reported,https://www.google.com/maps/search/?api=1&query=Ebru+%E2%80%94+marbling+Istanbul,confirmed,2026-08-15,none
Ebristan — Hikmet Barutçugil,art,,,,,,several,,,,By arrangement · Üsküdar,,,"Hikmet Barutçugil, born in Malatya in 1952, trained as a textile designer at the Istanbul State Academy of Fine Arts and turned to marbling in 1977. He opened Ebristan in Salacak, on the Üsküdar shore, in 1996, and works ebru onto cloth, ceramic, glass, wood and wax as well as paper. One pattern carries his name — barut ebrusu, gunpowder marbling. He teaches constantly; sessions are arranged directly rather than booked through a platform.",The marbler who invented his own pattern and named it gunpowder.,,,,reported,https://www.google.com/maps/search/?api=1&query=Ebristan+%E2%80%94+Hikmet+Barut%C3%A7ugil+Istanbul,confirmed,2026-08-15,none
Çini — the İznik blue,art,,,,,,several,,,,UNESCO 2016,,,"Çini is Çin — China — with an ending: Ottoman potters were chasing the prestige of imported Chinese blue-and-white, and the language kept the receipt. The İznik body is the trick, up to eighty-five per cent quartz, which is why the glaze reads as lit from behind. Production stopped in the seventeenth century and took the recipe with it. The İznik Foundation, founded in 1993 by the economist Işıl Akbaygil, reverse-engineered the quartz body and fired again from 1995.","A Turkish word that means Chinese, and it is being honest.",,,,reported,https://www.google.com/maps/search/?api=1&query=%C3%87ini+%E2%80%94+the+%C4%B0znik+blue+Istanbul,confirmed,2026-08-15,none
Hüsn-i hat — calligraphy,art,,,,,,several,,,,UNESCO 2021,,,"Arabic-script calligraphy written to proportion: every letter measured in rhombic dots laid down by the same reed pen, so a hand is judged on its geometry before its content. The kit is fixed — reed pen, trimming slab, soot ink, paper sized and burnished until the ink cannot bleed. UNESCO inscribed it in 2021. Istanbul is where the Ottoman masters set the proportions the rest of the Islamic world then copied, teacher to pupil, by licence.","Writing measured in dots, where the shape of the letter is the point.",,,,reported,https://www.google.com/maps/search/?api=1&query=H%C3%BCsn-i+hat+%E2%80%94+calligraphy+Istanbul,confirmed,2026-08-15,none
Sakıp Sabancı Museum — the book arts,art,,,,,,several,,,,Museum · Emirgan,,,"The Atlı Köşk at Emirgan, built in 1927 by the Italian architect Edouard De Nari, holds what Sakıp Sabancı spent a lifetime buying: five centuries of Ottoman book arts — manuscript Qur'ans, calligraphic panels, albums, hilyes, imperial documents. It began with a single panel by Sultan Mahmud II. The family handed the house and the collection to Sabancı University in 1998 on a forty-nine-year lease, and the museum opened in 2002. This is where hüsn-i hat stops being a description.","Five hundred years of Ottoman hands, inside a 1927 villa on the Bosphorus.",,,,reported,https://www.google.com/maps/search/?api=1&query=Sak%C4%B1p+Sabanc%C4%B1+Museum+%E2%80%94+the+book+arts+Istanbul,confirmed,2026-08-15,none
Caferağa Medresesi,art,,,,,,several,,,,Courses · Sultanahmet,,,"Mimar Sinan built this medrese for Cafer Ağa in 1559, in the reign of Süleyman the Magnificent, immediately behind Hagia Sophia. Since 1989 the Türk Kültürüne Hizmet Vakfı has run it as a working crafts school: ebru, hüsn-i hat, tezhip gilding, çini and ceramic, miniature, stained glass, jewellery, felt and weaving, taught in the old student cells around the courtyard. Full courses run over months; shorter sessions exist for visitors. Ask at the gate.","Sinan's medrese behind Hagia Sophia, still teaching the crafts in its cells.",,,,reported,https://www.google.com/maps/search/?api=1&query=Cafera%C4%9Fa+Medresesi+Istanbul,confirmed,2026-08-15,none
Kapalıçarşı — the Grand Bazaar,art,,,,,,several,,,,Mon–Sat · closed Sun,,,"Mehmed II began it within three years of the conquest; its stone bedesten for cloth and gems was finished by 1461, and it grew into sixty-one covered streets and more than four thousand shops across 30,700 square metres. Every lane was a guild, and the street names are the surviving record of trades that have since left them: the main artery, Kalpakçılar Caddesi, is Hatmakers' Street, and has not sold a fur hat in living memory. It is now solid gold, end to end.",Sixty-one streets named for guilds that mostly no longer trade on them.,,,,reported,https://www.google.com/maps/search/?api=1&query=Kapal%C4%B1%C3%A7ar%C5%9F%C4%B1+%E2%80%94+the+Grand+Bazaar+Istanbul,confirmed,2026-08-15,none
Kalpakçılar Caddesi — the gold,art,,,,,,several,,,,Gram rate + labour,,,"This is the part of the bazaar that is not theatre. Turkish households have held savings in gold for decades because the lira keeps losing value, so the jewellers here are serving locals as much as visitors, and the price is arithmetic rather than performance: the day's gram rate, plus a workmanship charge. Ask for those two numbers separately. The conversation stops being a haggle and becomes a discussion about who made the piece.",Turks buy gold the way other countries buy government bonds.,,,,reported,https://www.google.com/maps/search/?api=1&query=Kalpak%C3%A7%C4%B1lar+Caddesi+%E2%80%94+the+gold+Istanbul,confirmed,2026-08-15,none
Zincirli Han,art,,,,,,several,,,,1708 · working ateliers,,,"Built in 1708 on the caravanserai plan — shops below, workshops and lodgings above — and historically the han for goldsmithing and jewellery, with carpet and antique dealers alongside. It is the quietest courtyard in the bazaar and still the most working one: metal is melted and copper hammered behind the shopfronts, by ateliers that have run for generations. The master-and-apprentice chain has thinned badly. It has not broken. Go on a weekday morning and stand still.",The courtyard where the hammering is real and nobody chases you.,,,,reported,https://www.google.com/maps/search/?api=1&query=Zincirli+Han+Istanbul,confirmed,2026-08-15,none
"Carpets and ""antiques"" — the honest note",art,,,,,,several,,,,⚠ Before you buy,,,"Turkish law protects cultural property, and genuinely old carpets, tiles, coins and icons cannot legally leave the country; dealers selling older pieces are expected to hand over museum certification that an item is not an antiquity. Which tells you precisely what the ""three-hundred-year-old"" rug on the wall is. A reputable seller produces that paperwork unprompted. And turn any rug over — hand-knotted backs are slightly irregular, machine-made ones suspiciously perfect.","If it is genuinely antique, you are not allowed to take it home.",,,,reported,https://www.google.com/maps/search/?api=1&query=Carpets+and+%22antiques%22+%E2%80%94+the+honest+note+Istanbul,confirmed,2026-08-15,none
Sahaflar Çarşısı,art,,,,,,several,,,,Free · Beyazıt,,,"The booksellers' courtyard between the Grand Bazaar and Beyazıt Mosque stands on the Chartoprateia, the Byzantine paper and book market — the trade has not moved in a thousand years. Sahaf is Arabic: a dealer in written sheets. Ottoman booksellers left the Grand Bazaar for this yard in the eighteenth century; fire took it in the 1950s and it was rebuilt. Honest now — computers and then the internet hollowed the antiquarian trade out, and much of the stock is exam crammers.","A book market on Byzantine ground, now mostly selling exam crammers.",,,,reported,https://www.google.com/maps/search/?api=1&query=Sahaflar+%C3%87ar%C5%9F%C4%B1s%C4%B1+Istanbul,confirmed,2026-08-15,none
"Manol, and who actually built the oud",art,,,,,,several,,,,İstiklal · from 1870,,,"The Metropolitan Museum, which owns one of his instruments, records Emmanuel Venios — Manol — as Greek, born on Folegandros about 1838 and dead in Istanbul in 1915 or 1916; he had a workshop on İstiklal by about 1870. He is credited with the smaller, higher-tuned instrument the world now calls the Turkish oud, and his are still held to be the finest ever built. The other great maker of the tradition, Onnik Karibyan, working a generation later, was Armenian. The instrument at the centre of Turkish classical music was designed and refined by the communities this city lost.","The Turkish oud has an inventor, and his name was Manol.",,,,reported,https://www.google.com/maps/search/?api=1&query=Manol%2C+and+who+actually+built+the+oud+Istanbul,confirmed,2026-08-15,none
Galip Dede Caddesi — the music street,art,,,,,,several,,,,Tünel → Galata,,,"The street falls from Tünel to the Galata Tower and has been the musicians' bazaar for decades: darbuka, davul and frame drums, bağlama and saz, ney and zurna, plus string sellers and repair benches behind the counters. The honest warning is unavoidable — a large share of the bağlamas in the windows are decorative and close to unplayable. Ask to hear one played before you think about buying. If nobody in the shop can play it, that is your answer.","The whole instrument trade on one downhill street, the good beside the useless.",,,,reported,https://www.google.com/maps/search/?api=1&query=Galip+Dede+Caddesi+%E2%80%94+the+music+street+Istanbul,confirmed,2026-08-15,none
"Saz, bağlama, kanun, ud — what the names admit",art,,,,,,several,,,,Etymology,,,"Saz is simply Persian for ""instrument"". Bağlama comes from bağlamak, to tie, after the gut frets tied round the neck and slid by hand — which is why the thing plays intervals a piano cannot. Kanun is Greek, kanōn, a rule or measuring rod, because the zither lays down the law of pitch that the singer and the rest of the ensemble tune to. Ud is Arabic al-ʿūd, the wood, and it is where our word lute comes from.","Four instrument names, four different empires answering at once.",,,,reported,https://www.google.com/maps/search/?api=1&query=Saz%2C+ba%C4%9Flama%2C+kanun%2C+ud+%E2%80%94+what+the+names+admit+Istanbul,confirmed,2026-08-15,none
Lale Plak,art,,,,,,several,,,,50+ years · Tünel,,,"At the Tünel end of the music street, and among the oldest record shops in the city — trading for well over fifty years, with the exact founding year disputed between sources. Hakan Atala's stock runs from Western classical and jazz, signed pressings included, to the 1970s Turkish canon: Barış Manço, Ajda Pekkan, the Anadolu rock era. It is a shop to be served in rather than to browse. Say what you are after and let him pull it.","Half a century at the top of the music street, run by one ear.",,,,reported,https://www.google.com/maps/search/?api=1&query=Lale+Plak+Istanbul,confirmed,2026-08-15,none
Matbah-ı Âmire — the imperial kitchens,gastronomy,,,,,,several,,,,Topkapı · palace museum,,,"The Topkapı kitchens employed more than 800 people and cooked for roughly 4,000 a day. Fire took them in 1574 and Mimar Sinan rebuilt them: ten domed buildings, two rows of twenty wide chimneys. That scale bred a style — measured spicing, rice over bulgur, vegetables cooked in olive oil and eaten cold — which is still what Istanbul means when it calls a dish its own rather than Anatolia's. The rooms now hold 10,700 pieces of Chinese porcelain.","Eight hundred cooks, four thousand fed daily — and the restraint you still taste.",,,,reported,https://www.google.com/maps/search/?api=1&query=Matbah-%C4%B1+%C3%82mire+%E2%80%94+the+imperial+kitchens+Istanbul,confirmed,2026-08-15,none
The ocakbaşı,gastronomy,,,,,,several,,,,late · liver first,,,"Not an Istanbul invention. The fire counter came up with twentieth-century migration from the south-east and naturalised so completely that visitors now read it as the city's own night food. The order is fixed: liver first, then the skewers, then a lahmacun to close, and the rakı does not stop. A handful of new rooms are reworking the form this year — shorter menus, real wine lists, the same trench. Sit where the smoke goes.","A bar with a charcoal trench in it, and you sit at the trench.",,,,reported,https://www.google.com/maps/search/?api=1&query=The+ocakba%C5%9F%C4%B1+Istanbul,confirmed,2026-08-15,none
The meyhane table,gastronomy,,,,,,several,,,,Thu · four hours,,,"Alcohol was forbidden to Muslims, so the keeping of a drinking house fell in practice almost entirely to Greeks, Armenians and Jews. That is why the meyhane looks as it does: the long table of cold mezes before the hot, rakı cut with water until it turns white, fasıl players moving between tables. The wealth tax of 1942, the pogrom of September 1955 and the measures of 1964 removed the authors. The form stayed.","Cold mezes, then hot, then fish — a drinking licence that was never Muslim.",,,,reported,https://www.google.com/maps/search/?api=1&query=The+meyhane+table+Istanbul,confirmed,2026-08-15,none
Mısır Çarşısı — the Spice Bazaar,gastronomy,,,,,,several,,,,Eminönü · free to walk,,,"Commissioned by Hatice Turhan Sultan, mother of Mehmed IV, and begun in the last months of 1660 after the great fire of that July. It was the arasta of the New Mosque complex: eighty-five shops whose rent maintained the mosque. The name is Egypt — the building went up on revenues from the Ottoman province, and much of what filled it arrived by the same route. Walk the L, buy nothing, and eat in the streets behind it where the traders do.","Built to fund a mosque, named after the province that paid for it.",,,,reported,https://www.google.com/maps/search/?api=1&query=M%C4%B1s%C4%B1r+%C3%87ar%C5%9F%C4%B1s%C4%B1+%E2%80%94+the+Spice+Bazaar+Istanbul,confirmed,2026-08-15,none
Kadıköy market streets,gastronomy,,,,,,several,,,,Tue quiet · Sat full,,,"Megarian Greeks settled here in 685 BC, a generation before Byzantium; the oracle's line about a capital built opposite the city of the blind is a joke at Chalcedon's expense that has outlasted the city. The Turkish name means village of the judge, for Hızır Bey, Istanbul's first kadı after 1453. Today it is a few sloping lanes of fishmongers, picklers and cheese counters, and the correct way through is to eat at every second stall.","Chalcedon, the settlement Byzantium's founders were told only the blind would have chosen.",,,,reported,https://www.google.com/maps/search/?api=1&query=Kad%C4%B1k%C3%B6y+market+streets+Istanbul,confirmed,2026-08-15,none
Simit,gastronomy,,,,,,several,,,,all day · from the tray,,,"Archival records put simit production in Istanbul at 1525, with weight and price fixed at Üsküdar in 1593 — a regulated staple, not a snack. Evliya Çelebi counted seventy simit bakeries in the 1630s. The word comes from the Arabic for fine flour. Dipped in grape molasses and rolled in sesame before baking, it is chewy hot and cardboard cold, so buy from a tray that is moving. Throwing pieces to the gulls off the ferry is not a tourist habit.","Made in this city since 1525, and still carried through it on a tray.",,,,reported,https://www.google.com/maps/search/?api=1&query=Simit+Istanbul,confirmed,2026-08-15,none
Balık ekmek,gastronomy,,,,,,several,,,,not Eminönü · warning,,,"A fillet of oily fish, usually mackerel, grilled and put in a bun with onion and leaves, and it is the city's signature thing eaten standing up. The painted boats at Eminönü serve it off the water and are the image on every postcard; they are also an industrialised operation aimed squarely at visitors. Cross to the Karaköy or Kadıköy side and buy from a counter with a queue of people on their way to work.",Grilled mackerel in bread — and the famous boats are the version to skip.,,,,reported,https://www.google.com/maps/search/?api=1&query=Bal%C4%B1k+ekmek+Istanbul,confirmed,2026-08-15,none
Midye dolma,gastronomy,,,,,,several,,,,after midnight · by the piece,,,"The earliest Istanbul record of it is Armenian — an 1888 account describes Armenian cooks preparing large mussels with sheep's-tail fat. The filling is rice with currants, black pepper and red pepper; the lemon is not garnish but the thing that stops the rice drying out. Since the 1960s the carts have been run largely by families from Mardin, whose version runs hotter. You eat until you stop, then you pay for the shells.","Rice-stuffed mussels counted out one at a time, lemon squeezed over the shell.",,,,reported,https://www.google.com/maps/search/?api=1&query=Midye+dolma+Istanbul,confirmed,2026-08-15,none
Kokoreç,gastronomy,,,,,,several,,,,3 a.m. · divisive,,,"Suckling-lamb intestine wrapped around sweetbread, heart and kidney, turned on a horizontal spit and basted with lemon and oil, then chopped fine and packed into half a baguette. The word entered Turkish in 1920, in a short story that described it as a Greek dish; the name goes back to South Slavic, though whether Greek took it via Albanian or the two borrowed it separately is disputed. When EU accession was live in the early 2000s the Turkish press argued about whether Brussels would ban it.","Lamb intestine wound round offal over charcoal, chopped into bread with oregano.",,,,reported,https://www.google.com/maps/search/?api=1&query=Kokore%C3%A7+Istanbul,confirmed,2026-08-15,none
Baklava,gastronomy,,,,,,several,,,,EU PGI 2013 · Gaziantep,,,"The one hard Ottoman fact is a ceremony: on the fifteenth of Ramadan the Sultan sent trays of baklava down to the Janissary barracks in a procession called the Baklava Alayı. The origins are genuinely unsettled — Byzantine koptoplakous, Central Asian Turkic layered breads and the Arab lauzinaj of tenth-century cookbooks all have serious advocates. What is settled is the name: since 2013 Gaziantep Baklavası has carried an EU protected geographical indication.",Handed to the Janissaries on the fifteenth of Ramadan; claimed by four cuisines since.,,,,reported,https://www.google.com/maps/search/?api=1&query=Baklava+Istanbul,confirmed,2026-08-15,none
Pastırma and sucuk,gastronomy,,,,,,several,,,,by weight · Eminönü,,,"Pastırma comes from bastırma, to press. The Ottomans took a Byzantine cured beef called paston and renamed it; Kayseri became the centre, and an 1893 British Foreign Office report already singled the city out for it. The crust is çemen — crushed fenugreek, cumin, garlic and hot paprika — over meat dried hard. Sucuk is its sausage cousin, garlic-heavy, fried for breakfast. English took pastrami by way of Yiddish, perhaps crossed with salami.",Air-dried beef under a fenugreek crust — and the word pastrami came from.,,,,reported,https://www.google.com/maps/search/?api=1&query=Past%C4%B1rma+and+sucuk+Istanbul,confirmed,2026-08-15,none
Lokum,gastronomy,,,,,,several,,,,since 1777 · by weight,,,"The house of Ali Muhiddin Hacı Bekir dates its Bahçekapı shop to 1777, when its founder came down from Kastamonu; the Oxford Companion to Food notes there is no real evidence for the invention claim, and Tim Richardson has written on how often confectionery dates are commercial rather than historical. The sweet itself is a gel of starch and sugar scented with rosewater, mastic, bergamot or lemon, sometimes loaded with pistachio or walnut. Buy it cut from the tray.","Starch, sugar and rosewater — and a founding date historians will not sign off.",,,,reported,https://www.google.com/maps/search/?api=1&query=Lokum+Istanbul,confirmed,2026-08-15,none
Atatürk Kitaplığı,work,,,,,,several,,,,Free · daily to 21:00 · Gümüşsuyu,,,"Sedad Hakkı Eldem — the architect who spent a career folding the Ottoman timber house into modernism — drew this as a culture complex of library, museum and exhibition halls; only the library was ever built. Koç Holding put the building up in 1973 and the collection moved in on 3 March 1981: around 228,000 books, 20,000 periodicals and 10,000 bound volumes of newspapers, alongside manuscripts, maps, albums and postcards. The city runs it, entry is free, and the hours do not move for the weekend — 09:00 to 21:00, every day.","A free reading room in Beyoğlu, open until nine, seven days a week.",,,,reported,https://www.google.com/maps/search/?api=1&query=Atat%C3%BCrk+Kitapl%C4%B1%C4%9F%C4%B1+Istanbul,confirmed,2026-08-15,none
"SALT Research, SALT Galata",work,,,,,,several,,,,Free · Tue–Sat · Karaköy,,,"Alexandre Vallaury built this as the headquarters of the Imperial Ottoman Bank, finished in 1892, and the bank worked from it until 1999. Han Tümertekin's conversion reopened the building in November 2011 as SALT Galata, holding the research library and the old Ottoman Bank Museum. Reading costs nothing, but SALT Research is a registered collection rather than a walk-in one: you sign up once and are issued a personal access pass, study areas are bookable in blocks of up to three hours, and nothing circulates. Outside, the stairs cut around 1870–1880 by Abraham Salomon Camondo, of the Ottoman-V","A bank built for the Galata money, emptied of it, handed to readers.",,,,reported,https://www.google.com/maps/search/?api=1&query=SALT+Research%2C+SALT+Galata+Istanbul,confirmed,2026-08-15,none
"Kronotrop, Cihangir",work,,,,,,several,,,,07:00–23:30 daily · Cihangir,,,"Kronotrop opened in 2012 as one of the first specialty roasteries in Turkey — its founder, Çağatay Gülabioğlu, was the country's first Q grader — and the Cihangir room is the flagship, on the slope above Tophane where a good share of the city's writers, editors and film people live. It runs 07:00 to 23:30, seven days a week. It is small and it fills, so the etiquette is one long session rather than a whole day at the same table. The chain has since passed forty branches across Turkey and beyond, with very different hours at each, so aim for this room rather than the nearest sign.","Sixteen hours a day of table, on the slope above Tophane.",,,,reported,https://www.google.com/maps/search/?api=1&query=Kronotrop%2C+Cihangir+Istanbul,confirmed,2026-08-15,none
"Petra Roasting Co., Bebek",work,,,,,,several,,,,From 07:30 · closed Mon · Bebek,,,"The walk north from Arnavutköy along the water, past the wooden yalı, ends in Bebek — and this branch opens at half past seven on weekdays, which makes it the obvious place to put a morning after the best hour on the European shore. It is closed on Mondays, so build the walk around a Tuesday. Four further branches sit at Gayrettepe, Şişhane, Topağacı and Maslak if you are on the wrong side of the hill; the Şişhane one also closes Mondays, the rest do not.",Where the shore walk ends and the morning's work starts.,,,,reported,https://www.google.com/maps/search/?api=1&query=Petra+Roasting+Co.%2C+Bebek+Istanbul,confirmed,2026-08-15,none
"Kubbeli Saloon, Pera Palace",work,,,,,,several,,,,Afternoon tea 15:00–18:00,,,"Vallaury again: he began the hotel in 1892 and it opened in 1895, built to lodge Orient Express passengers arriving off the Paris run. It carried the first electric lift in Constantinople — reportedly the second in Europe — and Atatürk's Room 101 is kept as a museum room. The domed saloon pours a traditional afternoon tea every day from three until six, with live piano. It is priced the way a grand hotel prices things: an hour of reading and correspondence, not a working day.",Built for people who had just spent three days on a train.,,,,reported,https://www.google.com/maps/search/?api=1&query=Kubbeli+Saloon%2C+Pera+Palace+Istanbul,confirmed,2026-08-15,none
The vapur — Şehir Hatları ferry,work,,,,,,several,,,,About 20 minutes · Şehir Hatları,,,"Şirket-i Hayriye began running boats across the strait in 1851, and until the first Bosphorus bridge opened in 1973 the water was the only way over. Şehir Hatları still works 30 boats on 32 lines between 53 piers, and carried 40 million passengers in 2023. Tea comes round in tulip glasses on a tray that never spills; gulls track the stern for thrown simit. Twenty minutes, both shores lit, no table and no plug — and that is the entire point.","The best room in Istanbul moves, and costs almost nothing.",,,,reported,https://www.google.com/maps/search/?api=1&query=The+vapur+%E2%80%94+%C5%9Eehir+Hatlar%C4%B1+ferry+Istanbul,confirmed,2026-08-15,none
Pierre Loti Hill,work,,,,,,several,,,,Cable car · Eyüpsultan,,,"Louis Marie-Julien Viaud, a French naval officer who published as Pierre Loti, turned his Istanbul sojourn into the 1879 novel Aziyadé and spent his free hours on this hill; the house is now a museum under his name. A cable car climbs from the Golden Horn shore to the terrace, which sits above Eyüp cemetery — long a favoured burial ground for its closeness to the tomb of Abu Ayyub al-Ansari, over which Mehmed II raised a marble tomb and a mosque after 1453. Tea and nargile, and nothing whatsoever to plug in.","Tea above a cemetery, the whole Golden Horn laid out below.",,,,reported,https://www.google.com/maps/search/?api=1&query=Pierre+Loti+Hill+Istanbul,confirmed,2026-08-15,none
"Çadır Köşkü, Yıldız Park",work,,,,,,several,,,,Ottoman pavilion · Beşiktaş,,,"Abdülhamid II walled the outer garden of Yıldız Palace and filled it with artificial lakes, summer houses and a porcelain factory that is still going. Two of those pavilions, Çadır and Malta, now work as cafés inside what has since become a public park of some 368,000 square metres — breakfast, lunch, or a glass of tea under the trees, run by the municipal operator BELTUR along with the park's other restaurants. The climb from the Beşiktaş gate is steep enough that nobody arrives wanting to open a laptop.","A sultan's private garden, two pavilions, and a glass of çay.",,,,reported,https://www.google.com/maps/search/?api=1&query=%C3%87ad%C4%B1r+K%C3%B6%C5%9Fk%C3%BC%2C+Y%C4%B1ld%C4%B1z+Park+Istanbul,confirmed,2026-08-15,none
Büyükada,around,,,,,,several,,,,ISLAND,,,"Horse-drawn phaetons were the only transport on the island until 2020, when they were phased out after a serious equine disease and replaced by battery-powered electric vehicles that work like taxi cabs; islanders have since resisted the arrival of buses in the pedestrianised zone. The building everyone photographs, the Greek Orthodox orphanage on the Hristos ridge, went up in 1898 to a design by Alexander Vallaury and is believed to be the largest wooden structure in Europe and the second largest in the world — it took in children until 1964, has stood empty since, and a restoration was annou","The largest of the Princes' Islands, and the one where the horses were taken away.",,,,reported,https://www.google.com/maps/search/?api=1&query=B%C3%BCy%C3%BCkada%20Istanbul,confirmed,2026-08-15,none
Heybeliada,around,,,,,,several,,,,ISLAND,,,"The Theological School of Halki was founded in 1844 inside the Hagia Triada monastery and trained clergy for the Ecumenical Patriarchate until 1971, when the Constitutional Court struck down parts of Turkey's private higher-education law; it has never reopened and remains closed to the public. The Naval High School overlooking the jetty was founded in 1773 and holds the Byzantine church of the Kamariotissa and the relocated grave of Edward Barton, Elizabeth I's ambassador to the Porte. The island is 2.35 square kilometres with 4,424 residents at the 2022 count, rising to around 30,000 in high ","The quiet island next door, with a seminary at the top of it that has been closed since 1971 and is still a diplomatic file.",,,,reported,https://www.google.com/maps/search/?api=1&query=Heybeliada%20Istanbul,confirmed,2026-08-15,none
Anadolu Kavağı & Yoros Kalesi,around,,,,,,several,,,,BOSPHORUS,,,"Yoros stands above the confluence of the Bosphorus and the Black Sea and changed hands more often than almost any fort in Turkey: the Ottomans took it in 1305 and held it again from 1391 to 1414, the Genoese held it for the forty years to 1454 — which is why locals still call it the Genoese Castle — and Mehmed II refortified it after 1453. It was excavated between 2018 and 2021 and is open to the public again, though the ground immediately around it remains a military area and is closed; the site sits on the UNESCO tentative list. The village below is tiny, 1,517 residents at the 2022 count pl","The last village before the Black Sea, and the much-conquered castle on the hill above it.",,,,reported,https://www.google.com/maps/search/?api=1&query=Anadolu%20Kava%C4%9F%C4%B1%20%26%20Yoros%20Kalesi%20Istanbul,confirmed,2026-08-15,none
Rumeli Kavağı,around,,,,,,several,,,,VILLAGE,,,"This is the northernmost settlement on the European side of the strait, and the majority of its 3,560 residents (2024 count) descend from Eastern Black Sea migration — which is what ends up on the plate. The village is known locally for exactly three things: fish, mussels and figs. A Byzantine fortress once stood here and was demolished on Mehmed II's order; excavation has also turned up traces of a Byzantine temple and harbour works beneath the settlement. The catch: nearly every cruise passenger stays aboard for the castle across the water, so there are fewer kitchens open here and no schedu","Get off one stop early, on the European bank, where the fish is the same water and the audience is not.",,,,reported,https://www.google.com/maps/search/?api=1&query=Rumeli%20Kava%C4%9F%C4%B1%20Istanbul,confirmed,2026-08-15,none
Hıdiv Kasrı,around,,,,,,several,,,,PALACE,,,"The Khedive of Egypt — the Ottoman viceroy of a province richer than most of the empire — built his holiday house on this headland in 1907, and it is one of the very few grand houses around Istanbul where you get inside the rooms rather than photographing a façade, because the building now trades as a restaurant and café inside its own public park. The catch is twofold. It is a working hospitality business in a historic shell, so go for the terrace and the grounds rather than for the cooking. And I could not reach a live source to confirm current opening hours in August 2026 — treat the visit ","An Art Nouveau summer palace built in 1907 for the Khedive of Egypt, on a bluff over the Bosphorus.",Not re-confirmed as trading when we checked on 2026-08-15 — call ahead.,,,reported,https://www.google.com/maps/search/?api=1&query=H%C4%B1div%20Kasr%C4%B1%20Istanbul,unverified,2026-08-15,none
Polonezköy,around,,,,,,several,,,,VILLAGE,,,"Prince Adam Jerzy Czartoryski established the settlement in 1842 for Poles displaced by the failed November Uprising and named it Adampol, a Polish rendering of the Turkish Adamköy; it started with twelve inhabitants and grew through later waves of emigration. Many went home after Poland regained independence in 1918, and those who stayed took Turkish citizenship in 1938. At the 2022 count the village had 346 residents, of whom roughly ninety speak fluent Polish — so what survives is a community held together by memory, a church and a summer festival of Polish folk bands, not a living Polish t","A Polish village in the Beykoz forest, founded in 1842 by an exiled prince and still holding on to the language.",,,,reported,https://www.google.com/maps/search/?api=1&query=Polonezk%C3%B6y%20Istanbul,confirmed,2026-08-15,none
Belgrad Ormanı,around,,,,,,several,,,,FOREST,,,"The forest takes its name from the Serbs deported here after Süleyman the Magnificent's 1521 siege of Belgrade, settled to maintain the water supply. Two Ottoman systems ran through it: the older Kırkçeşme network, rebuilt by Mimar Sinan under Süleyman, and the eighteenth-century Taksim system, whose Mahmud I aqueduct went up at Bahçeköy in 1732. What you actually walk to are the bents — the dammed Ottoman reservoirs — on a 6.5-kilometre marked track that starts at Neşet Suyu, with seven picnic grounds of which Büyük Bent is the busiest. The catch, and it sends people to the wrong district: Ma",Five and a half thousand hectares of forest with Istanbul's Ottoman waterworks buried in it.,,,,reported,https://www.google.com/maps/search/?api=1&query=Belgrad%20Orman%C4%B1%20Istanbul,confirmed,2026-08-15,none
Şile & Ağva,around,,,,,,several,,,,COAST,,,"The Şile lighthouse was built in 1859 by French engineers for Sultan Abdülmecid I and lit in 1860 — a 19-metre octagonal tower carrying eight 925-millimetre catadioptric lenses with a range of 20 nautical miles, electrified since 1968 and open to visitors as a historic site. The town also gives its name to Şile bezi, the crimped cotton cloth sold across Istanbul's bazaars, with a fair for it each summer; the fourteenth-century Genoese castle on Ocaklı Ada was renovated in 2015 to widespread mockery for looking like a cartoon. Ağva sits between the Göksu and the Yeşilçay — the name means 'betwe","Istanbul's Black Sea coast: an 1859 French-built lighthouse, a crimped cotton cloth, and a village between two rivers.",,,,reported,https://www.google.com/maps/search/?api=1&query=%C5%9Eile%20%26%20A%C4%9Fva%20Istanbul,confirmed,2026-08-15,none
Yalova Termal,around,,,,,,several,,,,SPA,,,"The springs at Termal, inland from the port, have been in use since Byzantine times; Evliya Çelebi recorded the Kurşunlu Banyo, the Leaded Bath, in the seventeenth century, and the complex was enlarged under Abdülhamid II and again in the Republic's first decades. Down at Yalova stands the Yürüyen Köşk, the Walking Mansion: built between 21 August and 12 September 1929, it was found the following summer to be having its roof damaged by the branches of an old plane tree, and Atatürk ordered the building moved rather than the tree cut. Railway track was laid beneath the foundations, the terrace ","Seventy minutes across the Marmara to springs the Byzantines bathed in, and a mansion that was moved to spare a tree.",,,,reported,https://www.google.com/maps/search/?api=1&query=Yalova%20Termal%20Istanbul,confirmed,2026-08-15,none
Bandırma,around,,,,,,several,,,,FERRY,,,"This is the crossing rather than the destination. From Bandırma two TCDD trains a day run down to İzmir, the 6 Eylül Ekspresi and the 17 Eylül Ekspresi, which makes ferry-and-train the old civilised way between Turkey's two biggest coastal cities. South of the town lies Lake Kuş — Manyas, 'Bird Paradise' — 24,047 hectares, a national park since 1959, added to the Ramsar list in 1998, with 239 recorded bird species. The catch is real: I could not load İDO's live timetable to confirm current sailings, sailings on this line are limited rather than frequent, and vehicle rules differ by hull type, ",Two hours across the Marmara to the railhead — the route to İzmir that is not a plane.,Not re-confirmed as trading when we checked on 2026-08-15 — call ahead.,,,reported,https://www.google.com/maps/search/?api=1&query=Band%C4%B1rma%20Istanbul,unverified,2026-08-15,none
Tarihi Kadıköy Çarşısı — Güneşlibahçe Sokağı,provisioning,,,,,,several,,,,MARKET,,,"The market is not a building, it is a grid of short streets behind Söğütlüçeşme, and Güneşlibahçe Sokağı is its spine — OpenStreetMap maps fishmongers at nos. 1–3, a greengrocer at no. 9, butchers, bakeries and a spice counter inside about eighty metres of each other, with more fish and a butcher's row round the corner on Serasker Caddesi. Buy to the Turkish fishing calendar rather than to a shopping list: commercial fishing runs 1 September to 15 April, so palamut lands from September, lüfer through the autumn and hamsi from late autumn into winter, while between mid-April and the end of Augu","Five minutes uphill from the ferry: the fish row, the butchers and the greengrocers that feed Kadıköy's own kitchens.",,,,reported,https://www.google.com/maps/search/?api=1&query=Tarihi%20Kad%C4%B1k%C3%B6y%20%C3%87ar%C5%9F%C4%B1s%C4%B1%20Istanbul,confirmed,2026-08-15,none
"Mısır Çarşısı — the Spice Bazaar, and what it is now",provisioning,,,,,,several,,,,BAZAAR,,,"Turhan Hatice Sultan, mother of Mehmed IV, commissioned the hall as the revenue arm of the Yeni Cami complex; the court architect Koca Kasım Ağa drew it and it was going up in the last months of 1660, after the Great Fire. There are 85 shops today, and the honest reading is that spice is retreating from them: pre-boxed lokum, pistachio pyramids built for photographs, saffron sold by the gram to people who will never cook with it. One measure of the drift — the Ucuzcular spice house, whose family dates its trade to 1886 and which traded under that name for generations, now runs as Hayfene, sell","Eighty-five shops under a 1660 vault, and fewer of them sell spice every year.",,,,reported,https://www.google.com/maps/search/?api=1&query=M%C4%B1s%C4%B1r%20%C3%87ar%C5%9F%C4%B1s%C4%B1%20Istanbul,confirmed,2026-08-15,none
Hasırcılar Caddesi — the working street,provisioning,,,,,,several,,,,SPICE,,,"Hasırcılar is where the wholesale rhythm survives: coffee roasters, nut and dried-fruit merchants, cheese, pickle and pulse counters, and a fishmonger — OpenStreetMap maps the roaster Kurukahveci Nuri Toplar and the fish counter Taze Balıkçı directly on it, a hundred metres from the bazaar's tourist trade. Quantities here are assumed in kilos rather than gift boxes, prices are lower than inside the hall for the same goods, and nobody presses a sample on you to start a negotiation. The street works on the same clock as the wholesalers: weekday mornings, while the handcarts are still moving, and","The street the bazaar's own traders shop on, running west from the Spice Bazaar's back gate.",,,,reported,https://www.google.com/maps/search/?api=1&query=Has%C4%B1rc%C4%B1lar%20Caddesi%20Istanbul,confirmed,2026-08-15,none
Beşiktaş Balık Çarşısı,provisioning,,,,,,several,,,,FISH,,,"Beşiktaş keeps its fish trade in the covered block behind the square, mapped in OpenStreetMap as Beşiktaş Balık Çarşısı, and unlike the Beyoğlu row it is still a market before it is a restaurant: whole fish on ice, chalked per kilo, gutted and scaled at the counter for nothing. For anyone provisioning off a Bosphorus berth this is the nearest serious fish counter on the European shore — the argument for it over Kadıköy is simply that you do not cross the water with a cold box. The çarşı around it closes the rest of the list inside a hundred metres: nut and dried-fruit counters, helva makers, a","The European side's working fish market, wedged into the çarşı two minutes from the ferry.",,,,reported,https://www.google.com/maps/search/?api=1&query=Be%C5%9Fikta%C5%9F%20Bal%C4%B1k%20%C3%87ar%C5%9F%C4%B1s%C4%B1%20Istanbul,confirmed,2026-08-15,none
Salı Pazarı and the weekly pazar circuit,provisioning,,,,,,several,,,,PAZAR,,,"Worth correcting before you plan a week around it. The Salı Pazarı that Istanbul cooks mean is Kadıköy's, and it no longer stands where the name is remembered: the İSPARK car park on the old ground is still signed Eski Salı Pazarı Otoparkı, while the market itself is mapped up at Hasanpaşa, out towards Kurbağalıdere. Beşiktaş's own weekly street pazar is recorded in OpenStreetMap as a Saturday market, 08:00–20:00, on the ground north-west of Beşiktaş Meydanı, and Bomonti's semt pazarı runs most days with Wednesday off — so the circuit is Tuesday east, Saturday west. The pazar is where price is","Istanbul's Tuesday market is Kadıköy's, not Beşiktaş's — and it has moved from where its name suggests.",,,,reported,https://www.google.com/maps/search/?api=1&query=Kad%C4%B1k%C3%B6y%20Sal%C4%B1%20Pazar%C4%B1%20Istanbul,confirmed,2026-08-15,none
Kadınlar Pazarı,provisioning,,,,,,several,,,,LARDER,,,"This is a community market rather than a general one: the streets around it were settled by families from Siirt and the south-east, and the shops carry what that kitchen needs — otlu peynir threaded with wild herbs, thick pistachios, isot, comb honey, dried pulses — alongside the büryan ocakları where lamb hangs in pit ovens cut into the floor. OpenStreetMap records unusually long trading here, roughly 08:00–22:00 Wednesday to Saturday, 08:00–23:00 on Sunday and from 09:00 Monday and Tuesday, which makes it the one provisioning stop on the historic peninsula still working after the bazaar quar","The Siirt quarter's larder, trading under the Valens Aqueduct at Zeyrek.",,,,reported,https://www.google.com/maps/search/?api=1&query=Kad%C4%B1nlar%20Pazar%C4%B1%20Istanbul,confirmed,2026-08-15,none
Reşat Balık,provisioning,,,,,,several,,,,FISH,,,"The house dates itself to 1941 on its own site and runs two counters: Sahne Sokak No: 8 inside the Balık Pazarı off İstiklal, and Bağdat Caddesi No: 476/c at Bostancı on the Asian side. OpenStreetMap records the Beyoğlu shop as Mon–Sat 08:00–20:00 and Sun 08:00–19:00, which matters — most Istanbul fish counters are done by Sunday lunchtime. Be clear-eyed about the setting: the Beyoğlu fish market around it has thinned into meyhane tables and souvenir stalls, so the row is now more restaurant than market and the fish counter is the reason to walk in, not the atmosphere. It is the closest seriou",A fishmonger in the Beyoğlu fish market since 1941 — and one of the few that opens on Sunday.,,,,reported,https://www.google.com/maps/search/?api=1&query=Re%C5%9Fat%20Bal%C4%B1k%20Istanbul,confirmed,2026-08-15,none
Feriköy %100 Ekolojik Pazar,provisioning,,,,,,several,,,,ORGANIC,,,"The %100 Ekolojik Pazarlar network lists a Şişli market on Saturday, alongside Bakırköy on Friday and Kartal on Sunday, and describes the model in its own words as a ""halk pazarı"" — a public market where growers sell direct, not a boutique with a certificate on the wall. Certification is backed by field visits and laboratory analyses, and the market keeps a public-relations stall where the inspection reports and residue results for what is on sale can be read on the spot. This is the practical source for the things a city shop handles worst: raw honey, farm eggs, small-dairy cheeses and butter",A Saturday producers' market where the residue analyses are on a desk you can walk up to and read.,,,,reported,https://www.google.com/maps/search/?api=1&query=Ferik%C3%B6y%20%25100%20Ekolojik%20Pazar%20Istanbul,confirmed,2026-08-15,none
Faruk Güllü,street-food,,,,,,several,,,,THE SPLIT,,,"Followed by hand on 15 August 2026: gulluoglu.com.tr answers with a 301 to farukgulluoglu.com.tr, which answers with a second 301 to farukgullu.com.tr. The shopfront brand is now ""Faruk Güllü Baklava"" while the copyright line on that same page still reads ""Baklavacı Güllüoğlu Gıda Sanayi ve Dış Ticaret A.Ş."" — the company kept the old name, the sign dropped it. The operating address given is a plant on Fırat Plastik Caddesi in Büyükçekmece, an industrial estate at the far western edge of the city, not a shop in the old town. Güllü is a large family and several descendants trade under names bui",The counter-lesson: the largest holder of the Güllüoğlu name has quietly stopped putting it on the door.,,,,reported,https://www.google.com/maps/search/?api=1&query=Faruk+G%C3%BCll%C3%BC+Istanbul,confirmed,2026-08-15,none
Hafız Mustafa 1864,street-food,,,,,,several,,,,1864,,,"The house's own About page tells a story of custody rather than bloodline: the ahi guild tradition of Hacı İsmail Hakkı Bey, then Cemil Bey, ""son of Hafız Mustafa,"" trading as Çikolat Cemil, then Hacı Avni Ongurlar taking it on. The same page makes an unusual claim for a sweet shop — that it was the first to make poğaça, the salted breakfast pastry — and counts ""159 years,"" which puts the writing at 2023. It is now a large operation: 19 branches listed, 15 of them in Istanbul (Bahçekapı-Eminönü, Sirkeci, Nuruosmaniye, Beyazıt, İstiklal, Taksim, Pera, Üsküdar, Galataport among them), plus five ","A Bahçekapı sugar house that has become an international chain — go for the pudding counter, not the legend.",,,,reported,https://www.google.com/maps/search/?api=1&query=Haf%C4%B1z+Mustafa+1864+Istanbul,confirmed,2026-08-15,none
Hatay Medeniyetler Sofrası,street-food,,,,,,several,,,,KÜNEFE,,,"Two Istanbul rooms, both verified from the restaurant's own site: İstiklal Caddesi No:39 in Beyoğlu, opposite the French Consulate, and Nispetiye Caddesi No:18 out in Etiler. Künefe is the Hatay dessert and the reason to end a meal here rather than walk on — shredded kadayıf packed around fresh, unsalted, unaged cheese, baked in a shallow copper dish until both faces are dark, then drowned in syrup at the pass. The only credential the house advertises is a TripAdvisor certificate from 2015, which proves nothing at all; judge it on what arrives. OpenStreetMap places the POI just behind the aven","Künefe cooked the Antakya way, one street off İstiklal, at a house that came north from Hatay.",,,,reported,https://www.google.com/maps/search/?api=1&query=Hatay+Medeniyetler+Sofras%C4%B1+Istanbul,confirmed,2026-08-15,none
Ali Muhiddin Hacı Bekir,street-food,,,,,,several,,,,LOKUM,,,"The company's account: Ali Muhiddin Hacı Bekir came to Constantinople from Kastamonu and opened in Bahçekapı in 1777; three generations of the family served as Şekerci Başı, head confectioner to the Ottoman palace; five generations have kept the Bahçekapı shop, which grew from a single room to 88 square metres by swallowing the spice shop next door. Where to be careful is the invention story. The Oxford Companion to Food is blunt — ""although Bekir is often credited with the invention, there is no real evidence for it"" — and Persian recipes using starch and sugar predate him by centuries. What ","Istanbul's oldest sugar counter, and the one claim about it that the historians will not sign.",,,,reported,https://www.google.com/maps/search/?api=1&query=Ali+Muhiddin+Hac%C4%B1+Bekir+Istanbul,confirmed,2026-08-15,none
Şekerci Cafer Erol,street-food,,,,,,several,,,,ŞEKERCİ,,,"The house trades on ""1807'den beri"" and describes itself as keeping ""İstanbul'un en köklü şekerleme geleneği"" — the city's deepest-rooted confectionery tradition. Its catalogue reads less like a dessert menu than an inventory of Ottoman sugar work: lokumlar, akide şekerleri, ezmeler, helva, drajeler, nugat, bal ve reçel. The Kadıköy shop is the anchor and OpenStreetMap places it at Yasa Caddesi 19 in Osmanağa Mahallesi, a two-minute walk from the ferry pier. The house has since opened in Galataport, Ortaköy, İstinye Park, Emaar Square and London, which is exactly why the small Kadıköy counter ","1807 on the sign, and a Kadıköy counter that still sells hard candy out of jars by weight.",,,,reported,https://www.google.com/maps/search/?api=1&query=%C5%9Eekerci+Cafer+Erol+Istanbul,confirmed,2026-08-15,none
Saray Muhallebicisi,street-food,,,,,,several,,,,MUHALLEBİ,,,"Founded in 1935 by Hüseyin Topbaş with a stated aim that has survived on the company's own page in the original wording: ""Beyoğlu'nda zarif hanımefendi ve beyefendilere tatlıların en güzelini yedirmek"" — to feed the elegant ladies and gentlemen of Beyoğlu the finest of desserts. It took fourteen years to make the move that mattered, relocating onto Beyoğlu proper in 1949. The house now counts 21 branches, around 1,400 staff and more than a hundred flavours, and names bal kaymağı, fresh bread, tea and börek among the things it is known for. The İstiklal Caddesi room is the one with the history;","A milk-pudding house, not a patisserie — opened in Kasımpaşa in 1935 to feed Beyoğlu properly.",,,,reported,https://www.google.com/maps/search/?api=1&query=Saray+Muhallebicisi+Istanbul,confirmed,2026-08-15,none
Baylan Pastanesi,coffee-gardens,,,,,,several,,,,PASTANE,,,"Opened in 1923 by Filip Lenas, a Greek of Albanian origin, with his cousin Yorgi Kiriçi — first in Deva Çıkmazı under the name Loryan, the Turkish ear's rendering of ""Le Orient"" — and moved onto İstiklal Caddesi, into the Luvr Apartmanı, in 1928. The Kadıköy branch that most people now mean by ""Baylan"" was opened in 1961 by Mikail Lenas. The Kup Griye is the house's own: created by Harry Lenas in 1954, vanilla and caramel ice cream under whipped cream, honeyed almonds and caramel sauce, served with a kedidili biscuit. The business passed to the Altınmarka group, owner of Kahve Dünyası, in 2009","The republic's oldest pâtisserie, and one dessert that was invented inside it in 1954.",,,,reported,https://www.google.com/maps/search/?api=1&query=Baylan+Pastanesi+Istanbul,confirmed,2026-08-15,none
Mado,street-food,,,,,,several,,,,DONDURMA,,,"The company's own history page traces the thing back to snow carried down from Ahır Dağı above Kahramanmaraş, which ""Osman Ağa"" enriched with milk, honey and salep. His descendants Mehmet, Atilla and Erdal Kanbur turned it into an industry — Yaşar Kanbur began by making and selling ice cream from a small shop next to the Aras bus garage — with a Kahramanmaraş factory in 1965, machines in 1970, the MARDO brand in 1984 and real modernisation in 1989. The house dates itself to 1850. Two ingredients do all the work: goat milk, which is why the company runs its own ""MADO Beyazı"" goat farm, and sale","The Kahramanmaraş ice cream you cut with a knife — and the chain that industrialised it, which is both the point and the limit.",,,,reported,https://www.google.com/maps/search/?api=1&query=Mado+Istanbul,confirmed,2026-08-15,none
Meşhur Dondurmacı Ali Usta,street-food,,,,,,several,,,,UNVERIFIED,,,"What is actually on record: OpenStreetMap carries a point of interest named ""Meşhur Dondurmacı Ali Usta"" on Moda Caddesi in Caferağa Mahallesi, Kadıköy, with the telephone +90 216 414 1880 attached. There is no company website, no published hours, and no dated confirmation from any source I trust that the counter was serving in August 2026. That is not a claim it has closed — closure would be a finding, and I do not have one. It is a gap, and the gap is the honest thing to publish rather than a confident pin. Every other entry in this section was checked against a live company website or a fet","Moda's ice-cream counter, the one every Kadıköy list names — and the one entry here I could not confirm is trading.",Not re-confirmed as trading when we checked on 2026-08-15 — call ahead.,,,reported,https://www.google.com/maps/search/?api=1&query=Me%C5%9Fhur+Dondurmac%C4%B1+Ali+Usta+Istanbul,unverified,2026-08-15,none
Solera Wine Bar,natural-wine,,,,,,several,,,,WINE,,,"Opened 1 October 2011 on Yeni Çarşı Caddesi and pours only domestic producers — red, white, rosé, sparkling and fruit wine, no imports on the card. Since 2013 the house has farmed its own vineyard at Gaziköy in Tekirdağ, on the Marmara shore of Thrace, and runs its own Şarap Tadımı tasting evenings walking guests through Turkish varieties region by region. This is the room where the argument that Turkey has a wine culture rather than a wine industry gets made in glasses rather than in print. The Thracian producers you will meet here — Chamlija, founded 2007 by Mustafa Çamlıca on the decomposed","An all-Turkish list in a narrow Beyoğlu room, 300 metres off İstiklal.",,,,reported,https://www.google.com/maps/search/?api=1&query=Solera+Winery+Istanbul,confirmed,2026-08-15,none
Sensus Wine Boutique,natural-wine,,,,,,several,,,,WINE,,,"The Galata room on Büyük Hendek Caddesi was the first; the business now runs thirteen shops across Türkiye, from Kavaklıdere in Ankara to Çeşme, Bursa and İzmir, and says so on its own site. The buying is done on quarterly tasting tours through seven Turkish wine regions, direct from boutique producers, and the same trips bring back the cheese, charcuterie, honey, olives and oil that fill the counter. It is a shop that lets you sit down, not a bar with a shelf — which is why the pairing plate is the point rather than an afterthought. Time Out Istanbul has carried it for years as the Turkish wi",A stone cellar at the foot of the Galata Tower that sells the cheese as seriously as the wine.,,,,reported,https://www.google.com/maps/search/?api=1&query=Sensus+Wine+Boutique+Istanbul,confirmed,2026-08-15,none
Viktor Levi Şarap Evi,natural-wine,,,,,,several,,,,SINCE 1914,,,"Viktor Levi was the son of a Gelibolu sardine family who moved into grapes on Bozcaada, then opened his own şaraphane in Istanbul after the established houses — Pano, Diamandi, İzmirli, Sofaki — refused him a fair price for his wine. He ran it until his death in 1967; his cousin Yasef held it until 1985, then left for America and the doors shut. It stayed closed for fourteen years until Fevzi Büyükerol bought the property in 1999 and spent about a year rebuilding the interior to the original materials and style before reopening it in Moda. The garden behind Damacı Sokak is the reason people st",A garden wine house in Moda with a founder's story and a fourteen-year gap in the middle of it.,,,,reported,https://www.google.com/maps/search/?api=1&query=Viktor+Levi+%C5%9Earap+Evi+Istanbul,confirmed,2026-08-15,none
"Orient Bar, Pera Palace",hotel-bars,,,,,,several,,,,HOTEL BAR,,,"As of this check the hotel's own page states the Orient Bar is out of service until the end of the summer season, so do not walk up expecting it. What is open in its place is the Orient Terrace on the ground floor, lobby side, over the Golden Horn: 09:00 to 23:00 for the full menu and 23:00 to 02:00 for drinks only. Upstairs, Room 411 is kept as the Agatha Christie room — 46 square metres of period furniture, a library of her books in several languages and a replica of her typewriter, and it is bookable as a guest room rather than roped off as a museum. Smart casual on the terrace; the hotel e",The lobby-floor bar of the hotel built in 1892 for passengers off the Orient Express — currently dark for the season.,A limited run — check the end date before you plan around it.,,,reported,https://www.google.com/maps/search/?api=1&query=Orient+Bar+Pera+Palace+Istanbul,unverified,2026-08-15,none
"Kubbeli Lounge, Pera Palace",hotel-bars,,,,,,several,,,,PIANO TEA,,,"The Kubbeli — kubbe is Turkish for dome — is the high-ceilinged salon the hotel built its social life around, and it is the room to use while the Orient Bar is shut. The house lists traditional afternoon tea accompanied by the piano of Aslı Güral, which is unusual: hotels rarely name the musician. Daylight through the high windows is the whole design brief of the room, so it reads completely differently at four in the afternoon than the bar does at eleven at night. It is a hotel salon, priced as one.","Afternoon tea under the domes, with a pianist named on the hotel's own page.",,,,reported,https://www.google.com/maps/search/?api=1&query=Kubbeli+Lounge+Pera+Palace+Istanbul,confirmed,2026-08-15,none
"Le Fumoir and C Lounge, Çırağan Palace Kempinski",hotel-bars,,,,,,several,,,,PALACE,,,"The hotel runs its drinking rooms as separate registers and publishes the code for each: Le Fumoir takes bar snacks at smart casual, C Lounge is the casual bar, Çırağan Bar handles refined spirits and cocktails at chic casual, and Gazebo is the lobby lounge, an Ottoman-garden conceit with the water in front of it. Tuğra, the palace's Turkish fine-dining room, is the formal end of the same building. Worth knowing before you plan an evening on the European shore: Rüya İstanbul, which appears elsewhere in this guide as a new-wave Anatolian kitchen, is also inside this hotel. The palace was the im","Two bars inside a nineteenth-century Ottoman palace on the Bosphorus, with a dress code each.",,,,reported,https://www.google.com/maps/search/?api=1&query=Le+Fumoir+%C3%87%C4%B1ra%C4%9Fan+Palace+Kempinski+Istanbul,confirmed,2026-08-15,none
The Listening Room at Arkestra,listening,,,,,,several,,,,HI-FI,,,"Arkestra occupies a former residential villa built in the 1960s and splits it three ways: the ground-floor restaurant with an open kitchen and courtyard, a 32-cover bistro called Ritmo with its own private entrance and mirrored ceilings, and the Listening Room upstairs. The Listening Room runs a weekly rotation where selectors either pull from the house record collection or bring their own, over craft cocktails, palm-tree feature walls and low tables. The honest catch, stated by the house: it currently welcomes restaurant guests only, so it is not a room you can walk into off the street. Cenk ","A hi-fi room with a wall of vinyl on the upper floor of a one-star restaurant, in a 1960s villa in Etiler.",,,,reported,https://www.google.com/maps/search/?api=1&query=The+Listening+Room+at+Arkestra+Istanbul,confirmed,2026-08-15,none
Kontra Plak,art,,,,,,several,,,,RECORDS,,,"Two doors from Galatasaray Lisesi on the street that has quietly become Beyoğlu's record row, Kontra carries new and second-hand Turkish and foreign vinyl, CDs, cassettes and music books in both Turkish and English, plus turntables, cartridges and headshells. Its own site was showing arrivals dated August 2026 when this guide checked, which is the only proof of life that matters for a shop. It runs named strands rather than one-off events — Dinleme Odası, the listening room; Kontra'da; Örümcek; Just Kids — and takes part in Record Store Day with in-store concerts. Context for why this matters:","An independent record shop trading on Yeni Çarşı since 2012, with a listening-room programme attached.",,,,reported,https://www.google.com/maps/search/?api=1&query=Kontra+Plak+Istanbul,confirmed,2026-08-15,none
Analog Kültür,listening,,,,,,several,,,,HI-FI SHOP,,,"It opened on Record Store Day 2014, when DJ and producer Kaan Düzarat went looking for somewhere to move his studio and decided the studio should be a record shop too. His reasoning, in his own words: in late 2013 there were very few shops in the city and none where you could reliably find good electronic music, old or new, so he built a room to share whatever passed his own filter. About eighty percent of the archive is second-hand — 45s and albums from the seventies and eighties, house, techno, drum and bass, synthwave and krautrock from the nineties and 2000s, then jazz, funk, soul, bossa, ",A record shop and studio on a Şahkulu cul-de-sac that also cuts one-off lathe records.,,,,reported,https://www.google.com/maps/search/?api=1&query=Analog+K%C3%BClt%C3%BCr+Istanbul,confirmed,2026-08-15,none
Akmar Pasajı,art,,,,,,several,,,,ARCADE,,,"It stands on the site of the Özel Marmara Koleji, a school founded in 1957 whose building was damaged by adjacent construction in 1980, demolished, and replaced in 1982 by an office block with shops on the lower floors. The name is a splice: Akdik, the owning family's surname, and syllables lifted from the school's. It runs through between Mühürdar Caddesi and Neşet Ömer Sokak, which is why half of Kadıköy uses it as a shortcut without ever stopping, and it holds a specific place in Istanbul's fanzine, metal and rock history — enough that in 1999 it was subject to a police raid on unfounded cl",The Kadıköy arcade that has been the city's second-hand book and record warren since 1982.,,,,reported,https://www.google.com/maps/search/?api=1&query=Akmar+Pasaj%C4%B1+Istanbul,confirmed,2026-08-15,none
Kadıköy Plak Kulübü,listening,,,,,,several,,,,RECORDS,,,"It sits in the Kadıköy İş Merkezi on Neşet Ömer Sokak — the far end of the same short block that Akmar Pasajı empties into, so the two are one walk. The shop splits its stock plainly: Turkish records, foreign records, rock, plus CDs, cassettes and turntables, and it buys second-hand collections in as well as selling them, which is what keeps the Turkish racks moving. Its own storefront was showing live pricing and current stock at this check. Between this and the arcade you can do the entire Kadıköy record run in under an hour without crossing a main road.","A working Asian-side record shop, open every day, that also sells the turntable.",,,,reported,https://www.google.com/maps/search/?api=1&query=Kad%C4%B1k%C3%B6y+Plak+Kul%C3%BCb%C3%BC+Istanbul,confirmed,2026-08-15,none
Tarihi Cumhuriyet Meyhanesi,listening,,,,,,several,,,,FASIL,,,"The house was founded before the Republic was declared and, by its own account, was named by Atatürk himself — take that as the family's claim, not a documented fact, but the table it says he sat at is still kept permanently reserved, and the house has traded under the name since 1923. It is one street off the Beyoğlu fish market on Sahne Sokak, open every day from noon to midnight, with Turkish traditional live music listed as a standing feature rather than a weekend booking. The meze card carries the old Istanbul minority repertoire that most of Beyoğlu has quietly dropped: topik with carame",A Balık Pazarı meyhane with live Turkish music every night and a table that has been reserved since 1938.,,,,reported,https://www.google.com/maps/search/?api=1&query=Tarihi+Cumhuriyet+Meyhanesi+Istanbul,confirmed,2026-08-15,none
Babylon,listening,,,,,,several,,,,LIVE,,,"Time Out Istanbul calls it the city's premier live music venue, and the programme backs it rather than the reputation carrying it: at this check the calendar ran from the Babylon Soundgarden Festival at Bonus Parkorman on 22 and 23 August through Ben LaMar Gay Ensemble on 1 October, Yazmin Lacey on 7 October, Kassa Overall on 9 October, the Samora Pinderhughes Quintet with Elena Pinderhughes on 10 October, Kelly Lee Owens DJ set on 16 October, and Bilal marking twenty-five years of 1st Born Second on 11 December. That is a jazz and left-field booking policy, not a covers room. It sits on Silah","The city's long-running live room in the old Bomonti brewery quarter, booking hard through winter 2026.",,,,reported,https://www.google.com/maps/search/?api=1&query=Babylon+Bomonti+Istanbul,confirmed,2026-08-15,none
Fiba Salon İKSV,listening,,,,,,several,,,,CONCERTS,,,"Open since 2010 as Salon İKSV in the foundation's Nejat Eczacıbaşı building on Sadi Konuralp Caddesi, it takes the name Fiba Salon İKSV from the autumn 2026 season under a sponsorship with Fiba Grubu. İKSV's own announcement is unusually candid about what the room is for: its chair describes it as where a great many young people first encountered the foundation. The partnership widens the programme beyond concerts into theatre, literature talks, science evenings and jazz-club nights, so the booking pattern you find will not match what the room did five years ago. It is a proper seated hall run",The İKSV concert hall that has just changed its name for the first time since 2010.,,,,reported,https://www.google.com/maps/search/?api=1&query=Fiba+Salon+%C4%B0KSV+Istanbul,confirmed,2026-08-15,none
KOLI Art Space,Collective,Kadıköy,,,40.991295,29.024563,several,Queer community|Exhibitions|Performance|Music,,,ART SPACE,,,"Founded 2021 by Elçin Acun and Yasemin Kalaycı. Non-profit production and exhibition space supporting feminist and queer artists, on identity and gender fluidity. Showed at Contemporary Istanbul CI BLOOM 2026.",An artist-run space with a programme that runs late.,Not re-confirmed as trading when we checked on 2026-08-11 — call ahead.,,Part of the Biennial's 2026 local-initiative programme,reported,https://www.google.com/maps/search/?api=1&query=KOLI+Art+Space+Istanbul,unverified,2026-08-11,neighborhood
NOKS (formerly TOZ),Collective,Kadıköy,,,40.991295,29.024563,several,Artist-run|Non-profit,,,COLLECTIVE,,,"Began 2015 as TOZ, founded by Ece Elder, Elvan Ekren, Sinem Dişli and Volkan Kızıltunç; NOKS after 2018, run by Kızıltunç and Ekren. Showed at Contemporary Istanbul CI BLOOM 2026; SAHA-supported.","A collective space in Kadıköy, formerly TOZ.",Not re-confirmed as trading when we checked on 2026-08-11 — call ahead.,,,reported,https://www.google.com/maps/search/?api=1&query=NOKS+%28formerly+TOZ%29+Istanbul,unverified,2026-08-11,neighborhood
BAS · AVTO,Collective,Istanbul,,,41.006381,28.975872,several,Artist books|Experimental,,,ARTIST RUN,,,Long-running independent spaces — artist books and experimental programming. SAHA Sustainability Fund supported.,Artist books and an adjoining project space.,Not re-confirmed as trading when we checked on 2026-08-11 — call ahead.,,,reported,https://www.google.com/maps/search/?api=1&query=BAS+%C2%B7+AVTO+Istanbul,unverified,2026-08-11,neighborhood
Nublu Istanbul / Nublu Records,Collective,Istanbul,,,41.006381,28.975872,several,Label|Live room|Jazz,,,JAZZ/CLUB,,,"İlhan Erşahin's label and room, founded 2005 as the extension of the Nublu sound from New York's Lower East Side. The most internationally connected music operation in the city",The Istanbul arm of the New York label and club.,Not re-confirmed as trading when we checked on 2026-08-15 — call ahead.,,"Istanbul Sessions released their sixth album, Mahalle, on 16 January 2026",reported,https://www.google.com/maps/search/?api=1&query=Nublu+Istanbul+%2F+Nublu+Records+Istanbul,unverified,2026-08-15,neighborhood
Sazzou,Jazz,"Hilton İstanbul Bosphorus, Harbiye",,,41.045238,28.991014,several,Jazz|Cocktails,,,JAZZ,,Evening,Built around jazz and cocktail culture — live jazz plus vinyl DJ sets.,A small jazz room with a live programme.,Not re-confirmed as trading when we checked on 2026-08-11 — call ahead.,Wed,The first serious new jazz room in a while — just opened,reported,https://www.google.com/maps/search/?api=1&query=Sazzou+Istanbul,unverified,2026-08-11,neighborhood
"The sequence, start to finish",hammam,,,,,,several,,,,THE SEQUENCE,,,"An Ottoman bath is one room type repeated: a cold entrance hall, a warm transitional room, a hot room, and a furnace you never see. You arrive into the camekân (also written camegâh), the domed hall, and sign in at reception. You get a numbered key and a cabin, you strip, you wrap. Then you walk into the hararet — the hot room — and lie on the göbek taşı, the raised marble platform heated from beneath, until your skin softens. Kılıç Ali Paşa puts that wait at fifteen to twenty minutes and it is not filler; the scrub does not work on cold skin. Only then does the attendant come. Kılıç Ali Paşa ","Camekân, göbek taşı, kese, foam, rinse — allow ninety minutes to two hours, and do not plan anything after it.",,,,reported,,confirmed,2026-08-15,none
"What you wear, and the nudity rule",hammam,,,,,,several,,,,WHAT TO WEAR,,,"The peştemal — a flat-woven cotton wrap — is the whole costume, and it stays on. Kılıç Ali Paşa states it in writing: it is not permitted to be completely nude on the premises, and you must be covered from the waist down. Galatasaray prints the same rule in Turkish on its booking pages. This is the most common false expectation people arrive with, in both directions: some brace for a nudity ordeal that does not happen, others strip off and get corrected. Underwear or a bikini bottom stays on under the wrap. Zeyrek keeps disposable underwear on hand but still advises bringing your own spare; Sü",You are not naked. In most of these houses being fully naked is explicitly forbidden.,,,,reported,,confirmed,2026-08-15,none
Gendered hours — the way this trip actually fails,hammam,,,,,,several,,,,GENDER HOURS,,,"There is no single rule in Istanbul. Some baths are çifte — twin buildings under one roof, a men's half and a women's half behind separate street doors. Some are a single bath sliced by the clock, with a dead changeover in between. Some are mixed and take couples and families together. And at least one is currently not serving women at all. Two things bite hardest. First, the last reservation is often hours before closing, so the published closing time is not when you can still turn up. Second, two houses on this list — Cağaloğlu and Galatasaray — describe men's and women's sections but publis","Four systems across nine buildings, and two houses that do not publish the split at all. Get it wrong and you have crossed a city to a locked door.",,,,reported,,confirmed,2026-08-15,none
"The money, the extras and the hard sell",hammam,,,,,,several,,,,THE MONEY,,,"Two houses state it in writing and the rest operate the same way: the traditional hammam ritual does not include an oil massage. Kılıç Ali Paşa — 'a traditional hammam ritual treatment does not include a massage. A separate reservation is required.' Galatasaray — the same line in Turkish, asking you to declare it when you book. A massage means a separate room, a separate therapist, a separate booking and a separate bill, and at Kılıç Ali Paşa it costs more than the bath itself (₺4,600 for fifty minutes against ₺4,300 for the ritual). Expect it to be offered warmly while you are wet, wrapped an",The massage is not in the bath price. It has never been in the bath price. Say no or budget for it.,,,,reported,,confirmed,2026-08-15,none
Who should not go in,hammam,,,,,,several,,,,DO NOT GO IF,,,"This is a 40°C room at around 70% humidity with a stranger applying pressure to your body for half an hour, and the houses take the medical side more seriously than most spas. Zeyrek publishes the longest list: hammam services are not recommended for guests with cardiovascular disease, high or low blood pressure, respiratory disease including asthma, bronchitis and COPD, diabetes, urinary tract infection, recent surgery or cancer treatment — and guests with severe skin problems such as burns, allergies, open wounds, or with epilepsy, cannot be served at all. Zeyrek also does not recommend the ","Two of these houses will refuse you at the door, and they are right to.",,,,reported,,confirmed,2026-08-15,none
Zeyrek Çinili Hamam,art,,,,,,several,,,,MUSEUM TOO,,,"Barbaros Hayreddin Paşa, grand admiral of the Ottoman fleet, commissioned it; the house credits Mimar Sinan, building during the reign of Süleyman the Magnificent, over a Byzantine cistern. The house does not publish a precise construction year on its history page, so treat the commonly quoted 1530s dating as convention rather than something you can source from the owner. The İznik tiles that gave the bath its name were lost long ago and are dispersed among European collections — the specific museums and the often-quoted tallies of recovered fragments and reconstructed patterns are widely repe","Sinan's bath for the grand admiral, back in service after a thirteen-year restoration — with a museum built into it.",,,,reported,https://www.google.com/maps/search/?api=1&query=Zeyrek%20%C3%87inili%20Hamam%20Istanbul,confirmed,2026-08-15,none
Kılıç Ali Paşa Hamamı,art,,,,,,several,,,,CLOCK SPLIT,,,"Mimar Sinan built this inside admiral Kılıç Ali Pasha's mosque and school complex to serve the levends, the crews of the Ottoman fleet, when Tophane was the working harbour. The house's own two pages date it slightly differently — 1578 to 1580 on one, 1578 to 1583 on another — so take it as late 1570s to early 1580s. The patron is worth knowing: born Giovanni Dionigi Galeni in Calabria, captured and set to work as a galley slave, he converted, rose to command the Ottoman navy, and appears in Italian sources as Occhiali and in Cervantes as Uchali. The hot room is a single great volume under a d","Sinan built it for the crews of the Ottoman navy. One dome, one bath, and the clock decides whether you are allowed in.",,,,reported,https://www.google.com/maps/search/?api=1&query=K%C4%B1l%C4%B1%C3%A7%20Ali%20Pa%C5%9Fa%20Hamam%C4%B1%20Istanbul,confirmed,2026-08-15,none
Ayasofya Hürrem Sultan Hamamı,hammam,,,,,,several,,,,PRICIEST DOOR,,,"Süleyman the Magnificent had Mimar Sinan build this in 1556–57 at the request of Hürrem Sultan, the woman Europe called Roxelana — born in Rohatyn in the Polish crown lands, taken into the harem, and one of very few women formally married to an Ottoman sultan. It sits between Hagia Sophia and the Blue Mosque, on the site of the ancient baths of Zeuxippus. Its architectural claim is specific and the house states it plainly: seventy-five metres long, and the first Ottoman bath built with the men's and women's halves as mirror images on a single axis — men's cold, warm and hot rooms running into ","Sinan's 1556 bath for Roxelana, built on the Roman baths of Zeuxippus — and priced like the square it stands on.",,,,reported,https://www.google.com/maps/search/?api=1&query=Ayasofya%20H%C3%BCrrem%20Sultan%20Hamam%C4%B1%20Istanbul,confirmed,2026-08-15,none
Cağaloğlu Hamamı,art,,,,,,several,,,,1741 ÇİFTE,,,"Constructed in 1741 under Mahmud I, begun by the architect Süleyman Ağa and completed by Abdullah Ağa, and endowed as a çifte public bath to generate revenue for the sultan's library inside Hagia Sophia. The bath paid for the books. Nothing on this scale followed it in Istanbul — the house calls it the last example of its kind built in the city. The two entrances are on different streets: the men's on the main road, up a staircase of ten steps between two marble columns with classic stalactite capitals, under an inscription of seven lines and twenty-eight verses; the women's on the side street",The last great bath the empire built — and it was built to pay for a library.,,,,reported,https://www.google.com/maps/search/?api=1&query=Ca%C4%9Falo%C4%9Flu%20Hamam%C4%B1%20Istanbul,confirmed,2026-08-15,none
Çemberlitaş Hamamı,art,,,,,,several,,,,06:00–24:00,,,"Built in 1584 for Nurbanu Sultan — valide sultan, and after Selim II's death the effective power inside the palace — with the takings endowed to her Atik Valide complex across the Bosphorus in Üsküdar. The Sinan attribution is conventional but should be held loosely: the house itself words it as 'attributed to Mimar Sinan' rather than claiming it flatly, which is the honest position and rarer than it should be in this trade. A fire in 1865 and the widening of Divan Yolu in 1868 took part of the building, and the great domed changing hall in every photograph of this bath is the men's. The women","A queen mother's bath, funding a mosque across the water, open eighteen hours a day.",,,,reported,https://www.google.com/maps/search/?api=1&query=%C3%87emberlita%C5%9F%20Hamam%C4%B1%20Istanbul,confirmed,2026-08-15,none
Süleymaniye Hamamı,hammam,,,,,,several,,,,MIXED €90,,,"A bath in the Süleymaniye quarter trading on 'Since 1550' and crediting Mimar Sinan, run quite unlike anything else on this list. Note the house's own arithmetic wobbles — its FAQ calls the building 472 years old, which would put it at 1554 rather than 1550 — so take the founding year as approximate. During its main hours it takes only couples and families, together, in a shared communal room, and it will not separate partners once you are in: they state flatly that couples must take the scrub and massage together and that requests to split are not accommodated. Their wording throughout is 'co","Wood-fired since 1550 — the one place couples bathe together, and the one where every attendant is male.",A limited run or temporary regime — check before you plan around it.,,,reported,https://www.google.com/maps/search/?api=1&query=S%C3%BCleymaniye%20Hamam%C4%B1%20Istanbul,unverified,2026-08-15,none
Tarihi Galatasaray Hamamı,hammam,,,,,,several,,,,NO PRICES,,,"Part of the Galatasaray külliye, built with the complex in 1481 under Bayezid II. The house tells the founding story as legend: Bayezid walking the ground where the lycée and the bath now stand, meeting the revered Gül Baba in a hut, asking what he wanted, and being told to build a complex there with a great school and a great domed bath that would outlast centuries. Gül Baba's tomb is still inside the complex. The better-documented detail is later: Fethi İsfendiyaroğlu, who wrote the history of Galatasaray and studied there himself, recorded that in his day the boarders were marched down from","1481, inside the Galatasaray complex — and it will not tell you what it costs until you are in the booking flow.",,,,reported,https://www.google.com/maps/search/?api=1&query=Tarihi%20Galatasaray%20Hamam%C4%B1%20Istanbul,confirmed,2026-08-15,none
Ağa Hamamı,hammam,,,,,,several,,,,LIRA MIXED,,,"A small bath in the Çukurcuma streets below Galatasaray, with the most transparent pricing in this section: entrance, scrub and foam listed as three separate numbers you add up yourself, with card and cash totals printed side by side. It is a mixed hammam — the house's own history page says it has served as a mixed bath for over a decade — which makes it, with Süleymaniye, one of only two places here where a couple can bathe together. Be clear about what that same sentence says, though: the house describes itself as serving only tourists. This is not a neighbourhood bath and does not claim to ","Mixed, priced in lira, itemised line by line — and well under the Sultanahmet houses for the same three things.",,,,reported,https://www.google.com/maps/search/?api=1&query=A%C4%9Fa%20Hamam%C4%B1%20Istanbul,confirmed,2026-08-15,none
Tarihi Üsküdar Çinili Hamamı,hammam,,,,,,several,,,,STILL LOCAL,,,"Cross to the Asian side for the one bath on this list that is not selling anything. It was built in 1640 for Kösem Sultan as one of four buildings in her Çinili complex — mosque, library, guardhouse and bath — and its original job was washing the masons putting up the Çinili Camii. The house adds a detail worth carrying: Kösem died once the women's section was finished, and her brother saw the construction through. Do not go for the tiles: the İznik work that gave the bath its name was stolen long ago, and the operators used blue stone on the walls instead to keep faith with the original idea.","1640, two-metre walls, a tonne of firewood a winter, cash only — and nobody is going to explain anything to you in English.",Not re-confirmed as trading when we checked on 2026-08-16 — call ahead.,,,reported,https://www.google.com/maps/search/?api=1&query=Tarihi%20%C3%9Csk%C3%BCdar%20%C3%87inili%20Hamam%C4%B1%20Istanbul,unverified,2026-08-15,none
Tıraş — the full berber,rituals,,,,,,several,,,,BARBER,,,"The berber is a licensed trade with its own chamber — the İstanbul Erkek Berberleri Usta ve Kalfaları Esnaf ve Sanatkârlar Odası, whose site was live on 16 August 2026 — and licensed shops display a tarife. That is the point worth carrying: unlike almost everything else in this section, you can ask to see a price list and it is a normal thing to ask. The ear-singeing that finishes the shave is not a stunt for tourists. A flame or a lit wick is run fast over the top of the ear and the cheekbone to take off the fine hair; it lasts two seconds and it does not hurt. The cologne that comes last is ","Cut, cut-throat shave, ear-singe, cologne. A licensed trade, which means there is a printed tariff you are entitled to see.",,,,reported,,confirmed,2026-08-15,none
Rimedzo Barber Shop,rituals,,,,,,several,,,,WALK-IN,,,"The shop's own site gives 1986 as its starting year — nearly four decades in the same doorway, three minutes from the busiest tourist square in Turkey, which is the improbable part. What makes it worth naming is not a technique, it is a habit: the site publishes its price list as an image and states plainly that prices may be updated at the shop, which is an unusual amount of candour in this postcode. Knowing the number before the cape goes on is worth more to a visitor here than any particular fade.","One shop, one back street behind Hagia Sophia, and a price list you are told to look at before you sit.",,,,reported,https://www.google.com/maps/search/?api=1&query=Rimedzo%20Barber%20Shop%20Istanbul,confirmed,2026-08-15,none
2.a Berber Barbershop,rituals,,,,,,several,,,,HOT TOWEL,,,"Most Istanbul shops will shave you with an open razor if you ask; this one sells it as the thing it does, describing itself in its own words as one of the few places in Istanbul to offer a professional hot-towel, cut-throat razor shaving service. It sits on a side street on the slope above Karaköy and publishes its prices in lira with euro and dollar equivalents beside them, which is honest about who walks in. The useful detail for anyone working a boat: by prior arrangement they will come to you, to a flat or to premises, and cut a whole crew in one go.",One of the few shops in Istanbul that sells the cut-throat wet shave as a named service and prints what it costs.,,,,reported,https://www.google.com/maps/search/?api=1&query=2.a%20Berber%20Barbershop%20Istanbul,confirmed,2026-08-15,none
"The hamam, and the clock on the door",rituals,,,,,,several,,,,GENDER CLOCK,,,"Most historic Istanbul hamams give men and women the same marble at different hours, and the session times are the single most important thing to check before you cross the city. Kılıç Ali Paşa Hamamı, Sinan's bath of about 1583 for the crews of the Ottoman navy — already covered in this guide's bathhouse section — publishes the split on its own site and it is unambiguous: women 08:00–16:00, men 16:45–23:30. That is the shape of the problem in one line. A woman arriving at five in the afternoon does not get in; a man arriving at eleven in the morning does not either. Süleymaniye Hamamı in Sina","Four rooms, ninety minutes, and the one thing that goes wrong more than any other: turning up in the wrong half of the day.",,,,reported,https://www.google.com/maps/search/?api=1&query=K%C4%B1l%C4%B1%C3%A7%20Ali%20Pa%C5%9Fa%20Hamam%C4%B1%20Istanbul,confirmed,2026-08-15,none
Sema — ceremony or show,rituals,,,,,,several,,,,TELL APART,,,"UNESCO proclaimed the Mevlevi Sema ceremony a Masterpiece in 2005 and inscribed it on the Representative List in 2008. What is protected is the ayin — a fixed musical form in four sections, played by a vocalist, a ney player, a kudüm drummer and cymbals — and the turning itself: the left foot planted, the right foot driving the body around it, right palm turned up to receive and left palm turned down to give. The reason an honest question exists at all is legal history. The Republic closed every tekke in 1925, and what survived of the Mevlevi order survived by being reclassified as culture and",The tennure and the sikke are worn at all three tiers. Nothing about the costume tells you what you have bought.,,,,reported,,confirmed,2026-08-15,none
Silivrikapı Mevlana Kültür Merkezi (EMAV),rituals,,,,,,several,,,,FOUNDATION,,,"Evrensel Mevlana Aşıkları Vakfı runs a fixed weekly programme at its own centre and publishes it in English on its own site, which carried a 2026 copyright when I read it on 16 August 2026. The thing that makes this useful to a non-Turkish speaker is specific and unusual: the discourse that opens each evening is a recorded video with English subtitles, so you can follow the evening rather than merely watch it. The centre is associated with Hasan Dede, who spent his life teaching there. There is an ikram — refreshments offered to everyone in the room — partway through, which is the marker that ","A foundation's own sema twice a week, with the discourse subtitled in English and no ticket desk — but you have to phone to find out where it is.",,,,reported,https://www.google.com/maps/search/?api=1&query=Silivrikap%C4%B1%20Mevlana%20K%C3%BClt%C3%BCr%20Merkezi%20Istanbul,confirmed,2026-08-15,none
Galata Mevlevihanesi,rituals,,,,,,several,,,,REAL ROOM,,,"Founded in 1491 and known in Ottoman times as the Kulekapısı lodge, this is the best-known Mevlevi house in the city and the only place a visitor can stand inside a real semahane on an ordinary weekday. It closed with every other tekke in 1925, reopened as a museum in 1975 and was reorganised as the Mevlevi lodge museum in 2011. The hall is the reason to come: a wooden floor, mihrab and minber at the far end, the gallery where the musicians sat, and the side lodges now hung with marbling, calligraphy and hilye sheets. The courtyard tombs include that of the poet Şeyh Galib, who was sheikh here",A 1491 lodge with a genuine semahane. Visit it as a museum; treat the ceremony as a maybe.,,,,reported,https://www.google.com/maps/search/?api=1&query=Galata%20Mevlevihanesi%20Istanbul,confirmed,2026-08-15,none
Çay bahçesi — the price of a chair,rituals,,,,,,several,,,,TEA GARDEN,,,"A çay bahçesi is not a café. It is a public room with weather: chairs under a tree, a waiter with a tray, and no expectation that you will ever leave. Tea arrives in a tulip glass — ince belli, thin-waisted — on a saucer with two sugar cubes and a small spoon, poured from a stacked double pot: the demlik on top holds the concentrated brew, the kettle underneath holds the hot water, and the server mixes to your instruction. Açık is pale, koyu is dark, tavşan kanı — 'rabbit's blood' — is the deep red the second glass should be. Grandparents hold tables for four hours over a backgammon board. Stu","One glass of tea buys the table for as long as you want it. That is the entire contract, and nobody will break it.",,,,reported,,confirmed,2026-08-15,none
Nargile — the Tophane strip,rituals,,,,,,several,,,,TWO HOURS,,,"Nargile reached Ottoman Istanbul in the seventeenth century and was banned by Murad IV alongside coffee and tobacco on exactly the reasoning he applied to the coffeehouses: men who sit together talk. What is smoked now is mostly mu'assel — tobacco cut with molasses and fruit, sold by flavour. The older thing, tömbeki, is plain soaked leaf fired with raw coal, harsher and slower, still ordered by old men and still available if you ask for it by name. The ritual is entirely about pace: the pipe is packed, the coals are lit and carried over, and a boy works the floor with tongs and a fire tray, c",If the pipe arrives in under ten minutes it was not built for you. The whole point is the two hours.,Not re-confirmed as trading when we checked on 2026-08-16 — call ahead.,,,reported,https://www.google.com/maps/search/?api=1&query=Tophane%20Nargile%20Istanbul,unverified,2026-08-15,none
Tavla — and whether you can get a game,rituals,,,,,,several,,,,BACKGAMMON,,,"Tavla here is played fast and loud. The dice are called in Persian — yek, dü, se, cihar, penç, şeş — doubles have their own names, hep yek and dü bara, and the checkers are slammed down rather than placed. A game is over in the time it takes tea to go cold. Every tea garden and every kıraathane keeps boards and lends them for nothing: you say 'tavla var mı?' to the waiter and one arrives with the tea. What does not happen, and travel writing keeps implying that it does, is a stranger sitting down opposite you. A kıraathane is a neighbourhood men's room in which the same four men have been play",The boards are free and everywhere. The honest answer is that you play with whoever you came with.,,,,reported,,confirmed,2026-08-15,none
Katina Fal Cafe,rituals,,,,,,several,,,,COFFEE FAL,,,"Kahve falı reads what is left after a Turkish coffee. Because the grounds are unfiltered and heavy there is always a residue, and the ritual is to invert the cup onto its saucer — some put a coin or a ring on the base — let it cool, then read the runs of grounds: down the inside walls for what has been, around the rim for what is close, on the saucer for the house. Between friends this happens everywhere in Turkey and costs nothing. Commercially it happens in a specific institution, the fal cafe, and Kadıköy is the city's fal quarter, with several within a few streets of Serasker Caddesi. Kati","You drink the coffee, turn the cup upside down on the saucer, wait for it to cool, and hand your afternoon to a stranger.",Not re-confirmed as trading when we checked on 2026-08-16 — call ahead.,,,reported,https://www.google.com/maps/search/?api=1&query=Katina%20Fal%20Cafe%20Istanbul,unverified,2026-08-15,none
"Türk kahvesi — Fazıl Bey, and the cup turned over",rituals,,,,,,several,,,,THE CUP,,,"Turkish coffee is judged on the köpük, the fine head of foam, and the foam is a function of heat control: the cezve is brought up slowly and lifted off as it rises, two or three times, and never allowed to boil over. Get that wrong and you are drinking boiled coffee. Fazıl Bey's is the everyday Kadıköy counter that does it properly at an everyday price — a market-side room rather than a set piece, open eight in the morning until midnight, seven days, which makes it one of the few places in this section a chef finishing a shift can actually reach. Sand-brewing — kumda kahve, the cezve set into ","One small cup, twenty minutes, and a foam you can judge the whole thing on.",,,,reported,https://www.google.com/maps/search/?api=1&query=Faz%C4%B1l%20Bey%27in%20T%C3%BCrk%20Kahvesi%20Istanbul,confirmed,2026-08-15,none
Serpme kahvaltı — the Sunday,rituals,,,,,,several,,,,SUNDAY,,,"This guide already explains what serpme kahvaltı is and where the word came from. What it does not tell you is that it functions as a scheduled event rather than a meal you drop into. The Istanbul version runs on Sunday from roughly ten in the morning to two in the afternoon; tables are held, not turned; and a serious kahvaltı house will not seat two people at a table for four at half past eleven without a booking. The structure matters practically: you make one decision, per person, and then the plates arrive together and keep arriving. There is no second round of ordering, no courses and no ","Twenty plates, three hours, and nothing else planned for the day. It is an appointment, not a breakfast.",,,,reported,,confirmed,2026-08-15,none
Rakı-balık — choosing the fish off the ice,rituals,,,,,,several,,,,ASK THE KILO,,,"The rakı table's spine is cold mezes, then hot mezes, then one fish — and the fish is chosen rather than ordered. In a balıkçı or a meyhane with a counter you walk to the ice at the entrance, point at what you want, and it is weighed in front of you before it goes on the grill. That single step is where visitors lose money in this city more reliably than anywhere else, because the fish is priced by the kilo, the per-kilo price is frequently not posted, and a lüfer that looked like one person's dinner arrives at nine hundred grams. Ask 'kilosu kaç?' before you point, and ask to see the scale. A","The fish is not on the menu. It is on ice by the door, priced by the kilo you have not yet asked about.",,,,reported,https://www.google.com/maps/search/?api=1&query=Kad%C4%B1k%C3%B6y%20Bal%C4%B1k%20Pazar%C4%B1%20Istanbul,confirmed,2026-08-15,none
Yemek ve Kültür,follow,,,,,,several,,,,print quarterly · TR,,,"First issue January 2005; issue 84 is on the table now, four a year, print only, with no overseas subscription offered. Zeynep Dağdeviren is the responsible editor and Musa Dağdeviren sits on the board, filing seven forgotten folk recipes every issue. The advisory board carries Evangelia Balta, the historian of Turkish-speaking Ottoman Orthodox Christians — which tells you how seriously it takes the question of who actually cooked this food.",The scholarly food journal that grew out of a Kadıköy kebab shop.,,,,reported,https://www.google.com/maps/search/?api=1&query=Yemek+ve+K%C3%BClt%C3%BCr+Istanbul,confirmed,2026-08-15,none
Vedat Milor,follow,,,,,,several,,,,critic · TR,,,"Born 1955, schooled at Galatasaray Lisesi, economics at Boğaziçi, a masters at the LSE and a doctorate in sociology at Berkeley whose thesis the American Sociological Association named the best of 1990. He turned that apparatus on restaurants, first in Milliyet and then in a long-running NTV programme, and edits the English-language Gastromondiale. In Istanbul his verdict moves a booking sheet the way a star does.",A Berkeley sociologist who became the country's most argued-with palate.,,,,reported,https://www.google.com/maps/search/?api=1&query=Vedat+Milor+Istanbul,confirmed,2026-08-15,none
Aylin Öney Tan,follow,,,,,,several,,,,weekly column · EN,,,"Her column runs in Hürriyet Daily News, Türkiye's oldest English-language daily, and it is current rather than archival — she was filing through July 2026. Recent pieces have covered gastronomic diplomacy at state dinners, the Culture Route Festival mapping fifty taste stops across Bursa, and the seasonal logic Istanbul kitchens actually work to. The best route into Anatolian regional food without a translator.",The one Turkish food writer still filing weekly in English.,,,,reported,https://www.google.com/maps/search/?api=1&query=Aylin+%C3%96ney+Tan+Istanbul,confirmed,2026-08-15,none
Oggusto and Gazete Oksijen,follow,,,,,,several,,,,listings · TR,,,"Between them these two carry the city's rolling new-room lists, and they are usually ahead of the English-language listings. They are different animals. Oggusto is a luxury lifestyle and listings platform, with brand-partnered verticals and a shop sitting alongside the editorial. Gazete Oksijen is a general news weekly — Türkiye, world and economy desks, syndicated New York Times, Financial Times, Economist and Athletic copy — that also keeps a gastronomy section. Neither is a ranked guide. Treat everything as reported, not verified, and assume a share of the rooms will be gone within the year","Where the openings surface first, and why to read them with a raised eyebrow.",,,,reported,https://www.google.com/maps/search/?api=1&query=Oggusto+and+Gazete+Oksijen+Istanbul,confirmed,2026-08-15,none
Culinary Backstreets,follow,,,,,,several,,,,since 2009,,,"It began as Istanbul Eats, a blog run by Ansel Mullins, who worked in historic restoration, and Yigal Schleifer, then the Christian Science Monitor's Istanbul correspondent. The site first appears in the web archive in April 2009. It has since grown into food tours and reporting across close to thirty cities, but Istanbul remains the deepest desk, and istanbuleats.com now simply redirects here.","Two men in Istanbul writing up lunch, and they never lost the habit.",,,,reported,https://www.google.com/maps/search/?api=1&query=Culinary+Backstreets+Istanbul,confirmed,2026-08-15,none
Cornucopia,follow,,,,,,several,,,,biannual · since 1992,,,"Launched in 1992 and made between Scotland, London and Turkey, it now runs two issues a year at a circulation above twenty thousand, edited by John Scott with Berrin Torolsan as publishing director. The register is connoisseurial — architecture, textiles, gardens, Anatolian archaeology — and it treats food as material culture rather than as a booking problem. The complete digital archive of every issue costs about nineteen pounds a year.",For people who came for the food and stayed for the Ottoman archive.,,,,reported,https://www.google.com/maps/search/?api=1&query=Cornucopia+Istanbul,confirmed,2026-08-15,none
Turkey recap,follow,,,,,,several,,,,newsletter · twice weekly,,,"Independent and reader-supported, written by journalists based in Ankara and Istanbul; the flagship letter launched in 2019 and now runs politics and foreign affairs on Thursdays, business and economy on Fridays. Diego Cupolo co-founded it with Raziye Akkoç. Not a food publication — but licensing, alcohol regulation, inflation and the lira set what an Istanbul evening costs and whether the meyhane down the road can still pour.",Why the bar you loved is suddenly not serving alcohol.,,,,reported,https://www.google.com/maps/search/?api=1&query=Turkey+recap+Istanbul,confirmed,2026-08-15,none
Ottoman History Podcast,follow,,,,,,several,,,,free · since 2011,,,"Started in March 2011 as an experiment in accessible scholarly production and became one of the largest digital resources of its kind on the Ottoman Empire and the modern Middle East. Chris Gratien, now at the University of Virginia, has recorded more than two hundred interviews. It carries no advertising and takes no revenue, and runs a parallel Turkish-language strand. Search the archive for coffee, wine, famine and the millet system.","Academics talking properly, without the academic gate.",,,,reported,https://www.google.com/maps/search/?api=1&query=Ottoman+History+Podcast+Istanbul,confirmed,2026-08-15,none
Salt Research,follow,,,,,,several,,,,free · Karaköy,,,"Salt's research library occupies the Alexandre Vallaury building on Bankalar Caddesi that once housed the Imperial Ottoman Bank, and it holds that bank's own archive along with collections on art, architecture and design, and city, society and economy. Much is digitised and searchable from anywhere. Walk out and the Camondo Stairs are a minute away, built in the 1870s by the Ottoman-Venetian Jewish banker Abraham Salomon Camondo.",An open archive inside the bank that financed the city it later lost.,,,,reported,https://www.google.com/maps/search/?api=1&query=Salt+Research+Istanbul,confirmed,2026-08-15,none
İKSV — Istanbul Foundation for Culture and Arts,follow,,,,,,several,,,,festival calendar,,,"It runs the Istanbul Film Festival, the Music Festival, the Jazz Festival, the Theatre Festival, the Istanbul Biennial and the Design Biennial, plus Filmekimi and the year-round Salon İKSV stage, and it curates the Turkish Pavilion at Venice. The calendar and the e-bulletin are the fastest way to learn whether your dates collide with something worth moving a dinner for. Both Turkish and English.",One foundation programmes most of the big weeks in the Istanbul year.,,,,reported,https://www.google.com/maps/search/?api=1&query=%C4%B0KSV+%E2%80%94+Istanbul+Foundation+for+Culture+and+Arts+Istanbul,confirmed,2026-08-15,none
Argonotlar,follow,,,,,,several,,,,newsletter · TR,,,"An independent, deliberately many-voiced contemporary-art platform that began publishing in 2020, named after Maggie Nelson's The Argonauts. It runs criticism, interviews and argument rather than listings, and its ArgAjanda is a working diary of what is open across galleries and artist-run spaces. Turkish only. In a biennial year built around local initiatives, this is how you find out what those initiatives are actually doing.",The art press that covers the shows the institutions do not.,,,,reported,https://www.google.com/maps/search/?api=1&query=Argonotlar+Istanbul,confirmed,2026-08-15,none
Bant Mag.,follow,,,,,,several,,,,magazine · TR/EN,,,"First published in 2004 as a monthly print magazine called Bant, it now runs in print and online out of Istanbul across music, cinema, art and illustration, with an online issue archive, a radio and podcast strand, and an English section. The scene it has documented for two decades is the same one that fills the bars on Kadife Sokak — which makes it a listings source by accident.",The continuous record of what independent has meant here since 2004.,,,,reported,https://www.google.com/maps/search/?api=1&query=Bant+Mag.+Istanbul,confirmed,2026-08-15,none
Time Out Istanbul,follow,,,,,,several,,,,listings · EN/TR,,,"Time Out runs a full local Istanbul edition in both English and Türkçe, across restaurants and cafes, things to do, film, music and nightlife, art and culture. It is a commercial listings operation, not a critical guide, and it should never settle an argument about where to eat. For opening hours, one-off events and what has just appeared in the street you are standing in, it is the quickest English source.",The English backstop when you need something open tonight.,,,,reported,https://www.google.com/maps/search/?api=1&query=Time+Out+Istanbul+Istanbul,confirmed,2026-08-15,none
